claim_id,neighbour_ids,producing_file_path,tag,paper_sections_to_reconcile,note
C01,N1,n/a,OBSERVATION,related work,NEIGHBOUR NAMED
C02,"N2,N24",n/a,OBSERVATION,related work; discussion,NEIGHBOUR NAMED (with the contradicting line N24 cited beside it)
C03,"N4,N6,N10,N12,N22","0.24 / 0.81 / -0.57 [-0.70,-0.44] - iter_3/gen_art/gen_art_experiment_10/results/report_tables.md (E3_B2_vs_STR4 row)",OBSERVATION,abstract; results; discussion,NEIGHBOUR NAMED; delta = matched-energy AND matched-count construction
C04,N12,"-0.10 [-0.150,-0.060], Holm p 0.000 - iter_3/gen_art/gen_art_experiment_10/results/report_tables.md (PB2 row)",FAILED HYPOTHESIS,results; discussion (falsified column),NEIGHBOUR NAMED (N12 reports the same non-additivity in transplantation)
C05,"N10,N12",0.325 / 0.718 / 0.400 - iter_3/gen_art/gen_art_experiment_10/results/report_tables.md (nested R2 table),OBSERVATION,results,NEIGHBOUR NAMED
C06,"N10,N12,N28","-0.942, p 0.0038 - iter_3/gen_art/gen_art_experiment_9/results/report_tables.md (band-density lines 268-270)",OBSERVATION,results,NEIGHBOUR NAMED
C07,N28,+0.39 / 0.00 - iter_3/gen_art/gen_art_experiment_9/results/report_tables.md,OBSERVATION,results,"NEIGHBOUR NAMED (N28 reports no single layer is necessary, English only)"
C08,"N10,N11","dR2 0.040 [0.006,0.136]; LOO -0.002; MDE 0.071 - iter_3/gen_art/gen_art_experiment_9/results/report_tables.md (P1)",FAILED HYPOTHESIS,results; discussion (falsified column),NEIGHBOUR NAMED
C09,"N3,N6","-0.009 [-0.131,0.192], p 0.1628 - iter_3/gen_art/gen_art_experiment_12/results/analysis.json (P1)",FAILED HYPOTHESIS,abstract; results; discussion,NEIGHBOUR NAMED
C10,N9,B_cos 0.01 - iter_3/gen_art/gen_art_experiment_12/results/analysis.json (P4),OBSERVATION,results; discussion,NEIGHBOUR NAMED (N9 states cosine is unreliable cross-architecture; cross-lingual weight-edit case not found)
C11,"N3,N7,N8",B_ss 0.73 / B_base 0.66 with deltas - iter_3/gen_art/gen_art_experiment_12/results/analysis.json (P4) and results/report_tables.md T4,OBSERVATION,abstract; results; discussion; conclusion,"NO NEIGHBOUR FOUND for the conjunction (see search_log.md rows 2,4,8,11,13,18,20,21); partial neighbours named"
C12,"N3,N7",no new number; derived from C11 - iter_3/gen_art/gen_art_experiment_12/results/analysis.json (P4),INTERPRETATION,abstract; conclusion,"NO NEIGHBOUR FOUND after the searches logged in results/search_log.md rows 2,4,8,11,13,18,20,21 (evidenced absence)"
C13,"N2,N24,N25",0.60/0.53/0.75/0.92 - iter_3/gen_art/gen_art_experiment_12/results/report_tables.md (W3 rows),OBSERVATION,results,NEIGHBOUR NAMED
C14,"N14,N17",72/100 floor; 7-98/100 judged - iter_3/gen_art/gen_art_experiment_11/README.md and results/miscalibration_table.csv,OBSERVATION,abstract; results,NEIGHBOUR NAMED; delta is the SELECTION side (N17 closest)
C15,"N14,N15,N16,N18","30.6 / 2.1 / .143 / .858 [.820,.888] - iter_3/gen_art/gen_art_experiment_11/scorer/certification.json and results/miscalibration_table.csv",OBSERVATION,results; methods (judge),NEIGHBOUR NAMED
C16,N17,"305/305 checks re-derived, 3 placebos failed as required - iter_3/gen_art/gen_art_experiment_11/results/audit_headline.json",INTERPRETATION,abstract; discussion,NEIGHBOUR NAMED (AdvPrefix owns the general point; claim must be narrowed)
C17,N17,"gap +0.68 -> +0.38 [0.29,0.47] corrected vs +0.33 dose-scaled - iter_3/gen_art/gen_art_experiment_11/results/eval_analysis.json and README.md",FAILED HYPOTHESIS,discussion (falsified column),NEIGHBOUR NAMED
C18,"N14,N15,N16,N18",n/a,OBSERVATION,related work; methods,"NEIGHBOUR NAMED - prior work, cited as such"
C19,"N14,N15,N18",gap range - iter_3/gen_art/gen_art_evaluation_1/results/gap_range_summary.csv,OBSERVATION,results; limitations,NEIGHBOUR NAMED
C20,"N20,N21",n/a,OBSERVATION,introduction; related work,NEIGHBOUR NAMED
C21,"N20,N21",from C13 - iter_3/gen_art/gen_art_experiment_12/results/report_tables.md,INTERPRETATION,discussion; conclusion,NEIGHBOUR NAMED
C22,"N25,N13,N24",AUROC > .995 - iter_2/gen_art/gen_art_experiment_5 results (T5); recomputed rows in iter_3/gen_art/gen_art_evaluation_1/results/corrected_numbers.json,OBSERVATION,results; discussion,NEIGHBOUR NAMED
C23,"N22,N23",n/a,INTERPRETATION,related work; discussion,NEIGHBOUR NAMED - claim NARROWED after this search
C24,N27,n/a,OBSERVATION,introduction; discussion (practitioner framing),NEIGHBOUR NAMED (the tool itself); statement bound to the access date
C25,N29,SL harmful .86 -> .55; FLORES dNLL +2.02 EN / +1.93 SL - iter_2/gen_art/gen_art_experiment_8/results/report_tables.md (A4),FAILED HYPOTHESIS,discussion (failed column),NEIGHBOUR NAMED
C26,N19,"macro task changes <= 0.20 points; FLORES NLL changes <= 0.002 - iter_2/gen_art/gen_art_experiment_5 results/analysis (T3,T4), recomputed in iter_3/gen_art/gen_art_evaluation_1/results/corrected_numbers.json",OBSERVATION,results; limitations,NEIGHBOUR NAMED
C27,"N19,N18",5 packets with paths and n - iter_3/gen_art/gen_art_evaluation_1/results/pending_human_review.md,UNEXECUTED PROPOSAL,limitations,NEIGHBOUR NAMED (both bound the automatic-only reading)
C28,N18,"0 judgements - iter_1/gen_art/gen_art_experiment_1/results/judge_sl.json, ledger row in iter_3/gen_art/gen_art_evaluation_1/results/dead_end_ledger.md",UNEXECUTED PROPOSAL,limitations,NEIGHBOUR NAMED
C29,N21,0/1400 - iter_1/gen_art/gen_art_dataset_1/data/reports/refuseu_correspondence.json,OBSERVATION,methods; limitations,NEIGHBOUR NAMED
C30,"N1,N10",n/a - see results/unverified_claims.md SS1,OBSERVATION,related work; limitations,NEIGHBOUR NAMED; inherited NOT VERIFIED flag RESOLVED with a correction
