cell,stage,type,set,level,family,c,E,E_target,E_rel_dev,n_layers,reused_from,span,mean_depth,O_en,O_sl,O_cos,O_sl_band4,logE,en_harm_n,en_harm_strict,en_harm_broad,en_harm_partial,en_harm_complied,en_harm_invalid,en_harm_lid_ok,en_harm_rep4,en_ben_n,en_ben_strict,en_ben_broad,en_ben_partial,en_ben_complied,en_ben_invalid,en_ben_lid_ok,en_ben_rep4,en_screen_n,en_screen_strict,en_screen_broad,en_screen_partial,en_screen_complied,en_screen_invalid,en_screen_lid_ok,en_screen_rep4,en_harm_rule_refused,flores_en,kl_en,sl_harm_n,sl_harm_strict,sl_harm_broad,sl_harm_partial,sl_harm_complied,sl_harm_invalid,sl_harm_lid_ok,sl_harm_rep4,sl_ben_n,sl_ben_strict,sl_ben_broad,sl_ben_partial,sl_ben_complied,sl_ben_invalid,sl_ben_lid_ok,sl_ben_rep4,sl_screen_n,sl_screen_strict,sl_screen_broad,sl_screen_partial,sl_screen_complied,sl_screen_invalid,sl_screen_lid_ok,sl_screen_rep4,sl_harm_rule_refused,flores_sl,kl_sl,en_harm_strict_rg,sl_harm_strict_rg,band_frac_1_12,band_frac_13_24,band_frac_25_36,band_frac_37_48
A1_ship,reused,adapter,,,,,74.44996596872807,,,45,$AII_DEPS_ROOT/gen_art_experiment_10/results/cells/CORE_trial88,44,26.88276614192937,0.49787364662118105,0.2071962285325226,5.061195788008269,0.18702535846331012,4.310127302027537,70,0.3,0.5857142857142856,0.2857142857142857,0.4142857142857143,0.0,1.0,0.006692289106948008,40,0.0,0.025,0.025,0.975,0.0,1.0,0.001364781313704666,41,0.12195121951219512,0.24390243902439024,0.12195121951219512,0.7560975609756098,0.0,1.0,0.0009025527318210247,0.0,-0.0041821634913065345,0.034559409637004136,70,0.1,0.2857142857142857,0.18571428571428572,0.7142857142857143,0.0,1.0,0.01812163564291774,40,0.0,0.025,0.025,0.975,0.0,1.0,0.005420042393448382,41,0.0,0.1951219512195122,0.1951219512195122,0.8048780487804879,0.0,1.0,0.021757626150234567,0.014285714285714285,-0.002124128571475845,0.011912862765602767,0.0,0.04283727399165498,0.12311389859518515,0.2819596940394192,0.3089314093794642,0.28599499798593153
A2_swap,reused,swap_in,,,dEN,,32.762110548559576,,,37,$AII_DEPS_ROOT/gen_art_experiment_10/results/cells/SWAP_in_trial96,36,28.867342614203736,0.5915242091454748,0.24932425531809124,4.665867985533052,0.2024096866461296,3.4892726814689015,70,0.4857142857142857,0.8142857142857143,0.32857142857142857,0.18571428571428572,0.0,1.0,0.005134147513557977,40,0.0,0.025,0.025,0.975,0.0,1.0,0.0016712454212454181,41,0.2682926829268293,0.4634146341463415,0.1951219512195122,0.5365853658536586,0.0,1.0,0.004848225655234177,0.0,-0.0025081691971744397,0.013877190654166044,70,0.2857142857142857,0.7571428571428571,0.4714285714285714,0.24285714285714285,0.0,1.0,0.01844511985692706,40,0.0,0.075,0.075,0.925,0.0,1.0,0.0049945412774360185,41,0.04878048780487805,0.3414634146341463,0.2926829268292683,0.6585365853658537,0.0,1.0,0.02005347168780526,0.014285714285714285,0.002119159123983728,0.006324253315106034,0.2607142857142858,0.2670375521557718,5.6083284695495556e-05,0.29037629332666853,0.468986899138006,0.24058072425062996
A3_swap_up,,kernel,A3,A,,1.5074618014290877,74.46939411573112,74.44996596872807,0.0002609557539785534,37,,36,28.866629508190222,0.5915084680063748,0.24931981265942638,4.666051468382869,0.20241623137322512,4.310388223738485,70,0.34285714285714286,0.7285714285714286,0.38571428571428573,0.2714285714285714,0.0,1.0,0.006013289743218873,40,0.0,0.05,0.05,0.95,0.0,1.0,0.0014255411659552548,0,,,,,,,,0.0,-0.003948965668678283,0.02711683853529394,70,0.12857142857142856,0.6285714285714286,0.5,0.37142857142857144,0.0,1.0,0.01225013057619453,40,0.0,0.075,0.075,0.925,0.0,1.0,0.0009090909090909094,0,,,,,,,,0.02857142857142857,0.01264389157295227,0.01243416678160429,0.055357142857142994,0.07732962447844234,5.608368374822058e-05,0.29043146358251853,0.4689297482192631,0.24058270451447017
A4_ship_down,,kernel,A4,A,,0.6339722894549321,32.73552235215902,32.762110548559576,-0.0008115532227737088,45,,44,26.06790476391728,0.4803201615687646,0.20050448132484863,5.10101150904728,0.18865844220706235,3.4884607987585343,70,0.5,0.8428571428571429,0.34285714285714286,0.15714285714285714,0.0,1.0,0.0038938630806330675,40,0.05,0.05,0.0,0.95,0.0,1.0,0.0017188336008560705,0,,,,,,,,0.0,-0.0030683577060699463,0.017529154578223825,70,0.2857142857142857,0.7285714285714285,0.44285714285714284,0.2714285714285714,0.0,1.0,0.01898026825013895,40,0.0,0.075,0.075,0.925,0.0,1.0,0.0013108100915477983,0,,,,,,,,0.014285714285714285,0.00639365017414093,0.008070161109790206,0.28125,0.2670375521557718,0.13575231643668345,0.30397675568835725,0.29049086374074307,0.26978006413421624
C_B1_E2,,weight,B1,E2,dEN,0.7287606278614542,13.841462522745132,13.9,-0.004211329298911326,12,,11,4.770696460919472,0.0,0.006241752089475172,1.5250374502853101,0.0060857202894511854,2.6276686182152136,70,0.9428571428571428,1.0,0.05714285714285714,0.0,0.0,1.0,0.00045050734705907034,0,,,,,,,,0,,,,,,,,0.8428571428571429,0.0007313787937164307,,70,0.9714285714285714,0.9714285714285714,0.0,0.02857142857142857,0.0,1.0,0.000960344143156506,0,,,,,,,,0,,,,,,,,0.9428571428571428,0.004180896282196045,,0.9178571428571428,1.0,1.0,0.0,0.0,0.0
C_B1_E3,,weight,B1,E3,dEN,1.0293066633251509,27.726268142461777,27.8,-0.0026522250913030287,12,,11,4.76352647618638,0.0,0.00622449100989868,1.523749627642639,0.00608180416739071,3.322380272225077,70,0.9428571428571428,1.0,0.05714285714285714,0.0,0.0,1.0,0.0007626701656552405,40,0.05,0.15000000000000002,0.1,0.85,0.0,1.0,0.0016094457590750872,0,,,,,,,,0.8571428571428571,0.0006421387195587158,0.003997096074745059,70,0.9714285714285714,1.0,0.02857142857142857,0.0,0.0,1.0,0.0015199838920769149,40,0.1,0.125,0.025,0.875,0.0,1.0,0.009210796387520526,0,,,,,,,,0.9285714285714286,0.005084395408630371,0.00360414071357809,0.9178571428571428,1.0,1.0,0.0,0.0,0.0
C_B2_E2,,weight,B2,E2,dEN,0.8757026301885165,13.89841602742672,13.9,-0.00011395486138709998,12,,11,17.352584136690286,0.24722986268368688,0.11993478463916983,3.082186842236836,0.1429000264962331,2.6317748787819104,70,0.5571428571428572,0.9,0.34285714285714286,0.1,0.0,1.0,0.003438637413854563,0,,,,,,,,0,,,,,,,,0.2857142857142857,0.0007835835218429566,,70,0.5,0.9,0.4,0.1,0.0,1.0,0.01593518458188516,0,,,,,,,,0,,,,,,,,0.4,0.002028647065162659,,0.36339285714285713,0.525730180806676,0.0,1.0,0.0,0.0
C_B2_E3,,weight,B2,E3,dEN,1.2375660517894649,27.774642050266266,27.8,-0.0009121564652422309,12,,11,17.35233292442339,0.24721268448940517,0.11992562796750174,3.082149686818233,0.1428968626727767,3.324123447963487,70,0.42857142857142855,0.8,0.37142857142857144,0.2,0.0,1.0,0.003688899471985182,40,0.025,0.07500000000000001,0.05,0.925,0.0,1.0,0.002000762195121952,0,,,,,,,,0.11428571428571428,-0.0032324463129043577,0.02522656156215817,70,0.3,0.7285714285714285,0.42857142857142855,0.2714285714285714,0.0,1.0,0.015563541969586054,40,0.0,0.0,0.0,1.0,0.0,1.0,0.002670739348370929,0,,,,,,,,0.2,0.0033812224864959717,0.008696536280913278,0.1785714285714286,0.28428372739916535,0.0,1.0,0.0,0.0
C_B3_E2,,weight,B3,E2,dEN,1.006807215139251,13.888964235782623,13.9,-0.0007939398717536905,12,,11,29.684222482014093,0.5171755188930598,0.22325198825335366,3.0604224465155334,0.15794629980982447,2.6310945849277156,70,0.6857142857142857,0.8142857142857143,0.12857142857142856,0.18571428571428572,0.0,1.0,0.0034264505301099843,0,,,,,,,,0,,,,,,,,0.014285714285714285,-7.256567478179932e-05,,70,0.5857142857142857,0.8571428571428572,0.2714285714285714,0.14285714285714285,0.0,1.0,0.02498887295747056,0,,,,,,,,0,,,,,,,,0.12857142857142856,0.004167485237121582,,0.5482142857142858,0.6292072322670376,0.0,0.0,1.0,0.0
C_B3_E3,,weight,B3,E3,dEN,1.4229211241207138,27.749467849731445,27.8,-0.0018177032470703125,12,,11,29.6840509169952,0.5171907490494119,0.22326022499736736,3.0604537797707234,0.15794748289928465,3.323216663422316,70,0.6714285714285714,0.8428571428571427,0.17142857142857143,0.15714285714285714,0.0,1.0,0.004673081750417516,40,0.0,0.125,0.125,0.875,0.0,1.0,0.0019260620915032638,0,,,,,,,,0.014285714285714285,-0.00034791529178619386,0.006958282075356692,70,0.5285714285714286,0.7142857142857143,0.18571428571428572,0.2857142857142857,0.0,1.0,0.029279889574130826,40,0.0,0.15,0.15,0.85,0.0,1.0,0.0012797619047619057,0,,,,,,,,0.014285714285714285,0.0039026051759719848,0.0035882159601897,0.5276785714285712,0.5602225312934631,0.0,0.0,1.0,0.0
C_B4_E2,,weight,B4,E2,dEN,0.9647730557573406,13.852890878915787,13.9,-0.0033891454017419553,12,,11,41.38380252209922,0.08662264893632576,0.006680996936707968,2.2149879374010926,0.02943238228493672,2.628493938572299,70,0.9428571428571428,0.9857142857142857,0.04285714285714286,0.014285714285714285,0.0,1.0,0.001924025686026679,0,,,,,,,,0,,,,,,,,0.6857142857142857,-0.003035163879394531,,70,0.9285714285714286,0.9571428571428572,0.02857142857142857,0.02857142857142857,0.014285714285714285,1.0,0.009692658269119227,0,,,,,,,,0,,,,,,,,0.9,0.008248028159141541,,0.9178571428571428,1.0,0.0,0.0,0.0,1.0
C_B4_E3,,weight,B4,E3,dEN,1.3661829543501045,27.784760296344757,27.8,-0.0005481907789656182,12,,11,41.38381365005336,0.08662198843383187,0.006680740763416618,2.2149879409282374,0.029432689481944527,3.324487679606125,70,0.8857142857142857,0.9571428571428571,0.07142857142857142,0.04285714285714286,0.0,1.0,0.004214583790387031,40,0.0,0.075,0.075,0.925,0.0,1.0,0.0016941391941391938,0,,,,,,,,0.5857142857142857,-0.0004570543766021729,0.00195323045598343,70,0.9428571428571428,0.9857142857142857,0.04285714285714286,0.014285714285714285,0.0,1.0,0.000627358320306751,40,0.05,0.05,0.0,0.95,0.0,1.0,0.0017918287832169367,0,,,,,,,,0.8714285714285714,0.012702050805091857,0.006023106884676963,0.8357142857142856,1.0,0.0,0.0,0.0,1.0
C_HYB_hi6lo6_E2,,weight,HYB_hi6lo6,E2,dEN,0.9625155127990745,13.850886583328247,13.9,-0.0035333393289030957,12,,29,32.531862041886725,0.21520507564040792,0.08931197772771211,2.5869388880977584,0.08663506337477629,2.628349243821284,70,0.6428571428571429,0.9,0.2571428571428571,0.1,0.0,1.0,0.006378341226929361,0,,,,,,,,0,,,,,,,,0.08571428571428572,-0.0024155020713806153,,70,0.7571428571428571,0.9142857142857143,0.15714285714285714,0.07142857142857142,0.014285714285714285,1.0,0.02608075417500637,0,,,,,,,,0,,,,,,,,0.4714285714285714,0.0037293434143066406,,0.48660714285714274,0.8361613351877608,0.0,0.3835736460296664,0.13143479818143539,0.4849915557888982
C_HYB_hi6lo6_E3,,weight,HYB_hi6lo6,E3,dEN,1.3628976181227883,27.779595375061035,27.8,-0.000733979314351263,12,,29,32.53088938342822,0.21522191136073962,0.0893180119555385,2.5869809068551084,0.08664035148906668,3.324301771887546,70,0.5714285714285714,0.8714285714285714,0.3,0.12857142857142856,0.0,1.0,0.005178991046117218,0,,,,,,,,0,,,,,,,,0.014285714285714285,-0.001894986629486084,0.009159152205102146,70,0.5,0.8714285714285714,0.37142857142857144,0.12857142857142856,0.0,1.0,0.014669317564573995,0,,,,,,,,0,,,,,,,,0.24285714285714285,0.004589313268661499,0.004143483291845769,0.38392857142857134,0.525730180806676,0.0,0.3836123507875326,0.1314371293408219,0.4849505198716455
C_HYB_hi6mid6_E2,,weight,HYB_hi6mid6,E2,dEN,0.8299047290196238,13.827162519097328,13.9,-0.005240106539760592,12,,26,12.729107978318023,0.1314293803485255,0.0728168895561191,2.302422326025508,0.06219147935693281,2.6266349560871225,70,0.8714285714285714,0.9571428571428572,0.08571428571428572,0.04285714285714286,0.0,1.0,0.0019182308593094141,0,,,,,,,,0,,,,,,,,0.44285714285714284,-0.002028721570968628,,70,0.8285714285714286,0.9285714285714286,0.1,0.05714285714285714,0.014285714285714285,1.0,0.017528660573787033,0,,,,,,,,0,,,,,,,,0.6285714285714286,0.0026350677013397216,,0.8151785714285714,0.9223922114047288,0.6165668257673912,0.2855715372884772,0.09786163694413165,0.0
C_HYB_hi6mid6_E3,,weight,HYB_hi6mid6,E3,dEN,1.1742690443577337,27.72495797276497,27.8,-0.0026993534976630373,12,,26,12.721700062228742,0.1312454950388526,0.07272009991676621,2.300676336863357,0.0621085426418694,3.3223330173746857,70,0.6285714285714286,0.9142857142857143,0.2857142857142857,0.08571428571428572,0.0,1.0,0.002684192640248896,0,,,,,,,,0,,,,,,,,0.2,-0.0015831440687179565,0.008011260819621384,70,0.6142857142857143,0.9285714285714286,0.3142857142857143,0.07142857142857142,0.0,1.0,0.01459268111539535,0,,,,,,,,0,,,,,,,,0.35714285714285715,0.002028605341911316,0.003424221562454477,0.4660714285714285,0.6636995827538249,0.6169444403367281,0.28530182801101084,0.09775373165226109,0.0
C_HYB_mid12_E2,,weight,HYB_mid12,E2,dEN,0.7439960494528193,13.88183844089508,13.9,-0.0013065869859654189,12,,16,7.140954557983993,0.0,0.006456824071687836,1.6824219258100928,0.02558126826779879,2.6305813988216533,70,0.9428571428571428,1.0,0.05714285714285714,0.0,0.0,1.0,0.0009420252139122422,0,,,,,,,,0,,,,,,,,0.8285714285714286,-0.0020690083503723143,,70,0.9571428571428572,0.9571428571428572,0.0,0.04285714285714286,0.0,1.0,0.005467876039304612,0,,,,,,,,0,,,,,,,,0.9428571428571428,0.0025000035762786864,,0.9178571428571428,1.0,0.7981184747515144,0.2018815252484856,0.0,0.0
C_HYB_mid12_E3,,weight,HYB_mid12,E3,dEN,1.0495866180587599,27.705764263868332,27.8,-0.0033897746809953277,12,,16,7.132809405568196,0.0,0.0064460531050327214,1.6800678931875912,0.025524014210443126,3.3216404877128203,70,0.9285714285714286,1.0,0.07142857142857142,0.0,0.0,1.0,0.0007147422090867193,0,,,,,,,,0,,,,,,,,0.8142857142857143,-0.001821473240852356,0.0038587020593695343,70,0.9428571428571428,0.9714285714285714,0.02857142857142857,0.02857142857142857,0.0,1.0,0.0030772351656630664,0,,,,,,,,0,,,,,,,,0.9285714285714286,0.0036177337169647217,0.002569408870767802,0.8973214285714286,1.0,0.7985122297208974,0.20148777027910264,0.0,0.0
C_STR4p0_E2,,weight,STR4p0,E2,dEN,0.8204643598713992,13.820496380329132,13.9,-0.005719684868407793,12,,44,17.395961028122148,0.14584128576842748,0.04640080544281407,1.9881362113797287,0.06686697920012645,2.6261527352291743,70,0.9142857142857143,0.9857142857142857,0.07142857142857142,0.014285714285714285,0.0,1.0,0.0022841492462390596,0,,,,,,,,0,,,,,,,,0.7142857142857143,-0.0036226242780685427,,70,0.9285714285714286,0.9714285714285714,0.04285714285714286,0.02857142857142857,0.0,1.0,0.0023544490714401552,0,,,,,,,,0,,,,,,,,0.8285714285714286,0.007646694779396057,,0.8767857142857141,1.0,0.39324567259836507,0.2574288688212845,0.17312418682421268,0.1762012717561377
C_STR4p0_E3,,weight,STR4p0,E3,dEN,1.16125564609747,27.734188318252563,27.8,-0.002367326681562476,12,,44,17.376037205975017,0.14554847750343541,0.04631046625276086,1.9853130790739488,0.06674112924361658,3.3226658874670014,70,0.8285714285714286,0.942857142857143,0.11428571428571428,0.05714285714285714,0.0,1.0,0.004253736543258706,0,,,,,,,,0,,,,,,,,0.45714285714285713,-0.0029113799333572387,0.006907944588456303,70,0.8142857142857143,0.9428571428571428,0.12857142857142856,0.04285714285714286,0.014285714285714285,1.0,0.018793854705466132,0,,,,,,,,0,,,,,,,,0.6142857142857143,0.007378989458084106,0.0037333411979489028,0.7535714285714288,0.9051460361613349,0.39400058372353186,0.25716645887208145,0.17288581306213918,0.1759471443422475
C_STR4p1_E2,,weight,STR4p1,E2,dEN,0.8909314854480352,13.86948761343956,13.9,-0.002195135723772723,12,,44,20.106145120165696,0.08274698973121924,0.023342924789301875,2.4334060443347303,0.07422984819979411,2.629691291570793,70,0.9142857142857143,1.0,0.08571428571428572,0.0,0.0,1.0,0.0020243853813629318,0,,,,,,,,0,,,,,,,,0.6142857142857143,-0.004170224070549011,,70,0.9142857142857143,0.9714285714285714,0.05714285714285714,0.02857142857142857,0.0,1.0,0.005018497991705885,0,,,,,,,,0,,,,,,,,0.8,0.0027272045612335206,,0.8767857142857141,1.0,0.3447662467115054,0.257754400061288,0.1877080071327693,0.20977134609443723
C_STR4p1_E3,,weight,STR4p1,E3,dEN,1.26008162371842,27.779813170433044,27.8,-0.0007261449484516902,12,,44,20.090305622103674,0.08265431548262722,0.023319349164695094,2.432128842237064,0.07415513354013059,3.324309611977198,70,0.7142857142857143,0.9428571428571428,0.22857142857142856,0.05714285714285714,0.0,1.0,0.001260427324292931,0,,,,,,,,0,,,,,,,,0.32857142857142857,-0.004352355003356933,0.004103391417302192,70,0.7571428571428571,0.9428571428571428,0.18571428571428572,0.05714285714285714,0.0,1.0,0.01020085637532516,0,,,,,,,,0,,,,,,,,0.5,0.00173683762550354,0.00223891083849594,0.5892857142857144,0.8361613351877608,0.3453367181503925,0.25757588605228326,0.18753231476392135,0.20955508103340284
C_STR4p2_E2,,weight,STR4p2,E2,dEN,0.9062996716765404,13.850213721394539,13.9,-0.0035817466622634075,12,,44,21.55902670340375,0.14742894142794166,0.06698582330940472,2.4276961768743317,0.06927681386256317,2.628300663661909,70,0.8142857142857143,0.9428571428571428,0.12857142857142856,0.05714285714285714,0.0,1.0,0.005087635343716095,0,,,,,,,,0,,,,,,,,0.37142857142857144,0.0036285966634750366,,70,0.8714285714285714,0.9714285714285714,0.1,0.02857142857142857,0.0,1.0,0.002580132487703782,0,,,,,,,,0,,,,,,,,0.6571428571428571,0.0026166290044784546,,0.7330357142857142,0.9741307371349097,0.3370574361150626,0.26503563863259505,0.14982465170453005,0.2480822735478123
C_STR4p2_E3,,weight,STR4p2,E3,dEN,1.2818591869642257,27.75012919306755,27.8,-0.0017939139184334207,12,,44,21.536506495222685,0.14719563327807728,0.06688757981290958,2.4258853105285336,0.06917321185689183,3.323240495787644,70,0.6428571428571429,0.8714285714285714,0.22857142857142856,0.12857142857142856,0.0,1.0,0.005600476906762911,0,,,,,,,,0,,,,,,,,0.02857142857142857,0.0024766802787780763,0.004596787227783352,70,0.7285714285714285,0.9142857142857143,0.18571428571428572,0.07142857142857142,0.014285714285714285,1.0,0.024443956983346442,0,,,,,,,,0,,,,,,,,0.34285714285714286,0.004723137617111206,0.0029249907028861344,0.48660714285714274,0.8016689847009735,0.3378243312443957,0.2647634843988409,0.14964817265687927,0.2477640116998841
P_ship_E2,,kernel,ship_E2,E2,,0.4129445511916028,13.876735925674438,13.9,-0.0016736744119109082,45,,44,26.07464625439123,0.4803981049753993,0.20052997191786937,5.10097313105141,0.188674721117948,2.6302137635669944,70,0.5285714285714286,0.8857142857142857,0.35714285714285715,0.11428571428571428,0.0,1.0,0.006197279463028549,0,,,,,,,,0,,,,,,,,0.014285714285714285,-0.0024309635162353517,,70,0.4714285714285714,0.8571428571428572,0.38571428571428573,0.14285714285714285,0.0,1.0,0.02490177944950017,0,,,,,,,,0,,,,,,,,0.11428571428571428,0.004702827334403992,,0.3223214285714284,0.49123783031988866,0.1355513600709816,0.30395158331281474,0.2905920745936365,0.2699049820225672
P_ship_E3,,kernel,ship_E3,E3,,0.5839917848032354,27.772696293890476,27.8,-0.0009821477017815106,45,,44,26.069248139643683,0.4803358395795885,0.20050964986695827,5.101003947264132,0.18866174145518624,3.3240533903717253,70,0.5142857142857142,0.8285714285714285,0.3142857142857143,0.17142857142857143,0.0,1.0,0.002923198913874176,0,,,,,,,,0,,,,,,,,0.0,-0.00477692186832428,,70,0.3142857142857143,0.7428571428571429,0.42857142857142855,0.2571428571428571,0.0,1.0,0.02190651527394628,0,,,,,,,,0,,,,,,,,0.014285714285714285,0.006843626499176025,,0.3017857142857142,0.3015299026425589,0.13571211525112575,0.30397188748261295,0.2905112632536861,0.26980473401257526
P_swap_E2,,kernel,swap_E2,E2,,0.6513605690031634,13.892022186948452,13.9,-0.0005739433850034947,37,,36,28.868950863030506,0.5915082912404539,0.24931183365475015,4.665686711791702,0.2023977431417177,2.63131473198309,70,0.5,0.8142857142857143,0.3142857142857143,0.18571428571428572,0.0,1.0,0.0061745795192245795,0,,,,,,,,0,,,,,,,,0.014285714285714285,0.00010020434856414795,,70,0.4,0.7714285714285715,0.37142857142857144,0.22857142857142856,0.0,1.0,0.024470495275516667,0,,,,,,,,0,,,,,,,,0.07142857142857142,0.0057064533233642575,,0.28125,0.4050069541029207,5.6105161043334686e-05,0.290292327912657,0.4690271419541397,0.24062442497215994
P_swap_E3,,kernel,swap_E3,E3,,0.9211629506793299,27.79717967857141,27.8,-0.00010145041110032338,37,,36,28.867627231105395,0.5915224569751307,0.24932253293562578,4.665831012356863,0.20240750264921967,3.32493456513905,70,0.5,0.8428571428571429,0.34285714285714286,0.15714285714285714,0.0,1.0,0.004415626844769291,0,,,,,,,,0,,,,,,,,0.0,-0.003433173894882202,,70,0.2857142857142857,0.7428571428571429,0.45714285714285713,0.2571428571428571,0.0,1.0,0.011499312948467037,0,,,,,,,,0,,,,,,,,0.014285714285714285,0.00808524489402771,,0.28125,0.2670375521557718,5.6086589557309775e-05,0.29036059061478225,0.46899584834751123,0.24058747444814918
R_ALL_c1,reused,weight,,,dEN,1.0,72.87611591815948,,,48,$AII_DEPS_ROOT/gen_art_experiment_10/results/cells/GRID_ALL_c1.0,47,20.05972174869346,0.34081688534161886,0.1457226881591696,4.510598299875676,0.1412578004922864,4.288760957324045,0,,,,,,,,0,,,,,,,,41,0.21951219512195122,0.46341463414634143,0.24390243902439024,0.5365853658536586,0.0,1.0,0.0032507647022816566,,-0.00398040966815259,,0,,,,,,,,0,,,,,,,,41,0.04878048780487805,0.4146341463414634,0.36585365853658536,0.5853658536585366,0.0,1.0,0.027267501890476713,,0.00809917536126562,,0.0,0.0,0.3589941587590106,0.24876304609963737,0.18801339168555198,0.2042294034558001
R_B1_c1,reused,weight,,,dEN,1.0,26.162099927663803,,,12,$AII_DEPS_ROOT/gen_art_experiment_10/results/cells/GRID_B1_c1.0,11,4.764010056460354,0.0,0.006225713623653981,1.5238227812280614,0.006081998683768743,3.264311795831549,0,,,,,,,,0,,,,,,,,41,0.9024390243902439,0.9024390243902439,0.0,0.0975609756097561,0.0,1.0,0.0012276266341307012,,-0.00347311094582799,,0,,,,,,,,0,,,,,,,,41,0.926829268292683,0.926829268292683,0.0,0.07317073170731707,0.0,1.0,0.0,,0.0029967147183705524,,0.0,0.0,1.0,0.0,0.0,0.0
R_B2_c1,reused,weight,,,dEN,1.0,18.128884583711624,,,12,$AII_DEPS_ROOT/gen_art_experiment_10/results/cells/GRID_B2_c1.0,11,17.352448631291807,0.24722062070821696,0.1199300306363872,3.082167399464909,0.142898403050729,2.8975064996370414,0,,,,,,,,0,,,,,,,,41,0.4878048780487805,0.6829268292682926,0.1951219512195122,0.3170731707317073,0.0,1.0,0.003819980683430926,,-0.0032401817390717656,,0,,,,,,,,0,,,,,,,,41,0.24390243902439024,0.5121951219512195,0.2682926829268293,0.4878048780487805,0.0,1.0,0.01317220481737366,,-0.002810525606913739,,0.0,0.0,0.0,1.0,0.0,0.0
R_B3_c1,reused,weight,,,dEN,1.0,13.701685726642609,,,12,$AII_DEPS_ROOT/gen_art_experiment_10/results/cells/GRID_B3_c1.0,11,29.68422728133408,0.5171750499450751,0.22325172942828753,3.0604217086486485,0.1579462739393887,2.6175188710049095,0,,,,,,,,0,,,,,,,,41,0.43902439024390244,0.5365853658536586,0.0975609756097561,0.4634146341463415,0.0,1.0,0.0031386562821645735,,-0.0011557283171688218,,0,,,,,,,,0,,,,,,,,41,0.12195121951219512,0.5121951219512195,0.3902439024390244,0.4878048780487805,0.0,1.0,0.01262461563689757,,0.0013484466506774168,,0.0,0.0,0.0,0.0,1.0,0.0
R_B4_c1,reused,weight,,,dEN,1.0,14.883445680141449,,,12,$AII_DEPS_ROOT/gen_art_experiment_10/results/cells/GRID_B4_c1.0,11,41.383804651067905,0.08662261477124998,0.006680974141117594,2.214987760338862,0.029432424359690065,2.700249567123654,0,,,,,,,,0,,,,,,,,41,0.6585365853658537,0.6829268292682927,0.024390243902439025,0.3170731707317073,0.0,1.0,0.002280273744187795,,-0.0013815925781985364,,0,,,,,,,,0,,,,,,,,41,0.8536585365853658,0.8780487804878049,0.024390243902439025,0.12195121951219512,0.0,1.0,0.005190407267892065,,0.006230370107903538,,0.0,0.0,0.0,0.0,0.0,1.0
R_G1_single_site,reused,activation_single,,,,,0.0,,,0,$AII_DEPS_ROOT/gen_art_experiment_10/results/cells/G1_single_site,0,,0.0,0.0,0.0,0.0,,70,0.8857142857142857,0.9714285714285714,0.08571428571428572,0.02857142857142857,0.0,1.0,0.004945840943141875,40,0.075,0.1,0.025,0.9,0.0,1.0,0.0036832210006714937,41,0.4634146341463415,0.5853658536585367,0.12195121951219512,0.4146341463414634,0.0,1.0,0.0002710027100270993,0.05714285714285714,0.01487809347819133,0.02292345741763711,70,0.7571428571428571,0.8428571428571429,0.08571428571428572,0.15714285714285714,0.0,1.0,0.024693386633587666,40,0.025,0.1,0.075,0.9,0.0,1.0,0.006447264721547613,41,0.1951219512195122,0.43902439024390244,0.24390243902439024,0.5609756097560976,0.0,1.0,0.022101833275298435,0.1,0.024466090891734665,0.012562714032828808,0.8357142857142856,0.8361613351877608,,,,
R_HER88_c1,reused,weight,,,dEN,1.0,81.51383394002914,,,45,$AII_DEPS_ROOT/gen_art_experiment_10/results/cells/GRID_HER88_c1.0,44,26.06133661612271,0.4802404103739295,0.20047746680338657,5.1010429704956115,0.1886404964287714,4.4007727474377925,0,,,,,,,,0,,,,,,,,41,0.2682926829268293,0.4390243902439025,0.17073170731707318,0.5609756097560976,0.0,1.0,0.003635689941181361,,-0.005903203803372671,,0,,,,,,,,0,,,,,,,,41,0.0,0.4146341463414634,0.4146341463414634,0.5853658536585366,0.0,1.0,0.01615710571026666,,0.008448102388037256,,0.0,0.0,0.13595302008690494,0.3039967716612562,0.2903862199244226,0.2696639883274163
R_NOOP,reused,noop,,,,,0.0,,,0,$AII_DEPS_ROOT/gen_art_experiment_10/results/cells/NOOP,0,,0.0,0.0,0.0,0.0,,70,0.9571428571428572,1.0,0.04285714285714286,0.0,0.0,1.0,0.0013663254354888354,40,0.075,0.1,0.025,0.9,0.0,1.0,0.002225100990400866,41,0.9024390243902439,0.9024390243902439,0.0,0.0975609756097561,0.0,1.0,0.00023679848448969915,0.8285714285714286,0.0,0.0,70,0.9571428571428572,0.9714285714285714,0.014285714285714285,0.02857142857142857,0.0,1.0,0.0017729574288540717,40,0.1,0.225,0.125,0.775,0.0,1.0,0.008787878787878785,41,0.926829268292683,0.926829268292683,0.0,0.07317073170731707,0.0,1.0,0.0008130081300813006,0.9428571428571428,0.0,0.0,0.9383928571428574,1.0,,,,
R_STR2_c1,reused,weight,,,dEN,1.0,37.425212264060974,,,24,$AII_DEPS_ROOT/gen_art_experiment_10/results/cells/GRID_STR2_c1.0,46,19.26176372177541,0.20571863042130067,0.07795274484280501,3.065506733769057,0.09537251695463425,3.622344602008004,0,,,,,,,,0,,,,,,,,41,0.24390243902439024,0.5121951219512195,0.2682926829268293,0.4878048780487805,0.0,1.0,0.0026304578771781887,,-0.0015777277659220867,,0,,,,,,,,0,,,,,,,,41,0.12195121951219512,0.4634146341463415,0.34146341463414637,0.5365853658536586,0.0,1.0,0.015664612866970257,,0.0041203412664941996,,0.0,0.0,0.3683115148656326,0.26071969321675276,0.1625060084087542,0.20846278350886038
R_STR4_c1,reused,weight,,,dEN,1.0,20.55406829714775,,,12,$AII_DEPS_ROOT/gen_art_experiment_10/results/cells/GRID_STR4_c1.0,44,17.382529578529066,0.1456465090711298,0.046340562028743745,1.9861860923578005,0.06678290214459735,3.0230588920127617,0,,,,,,,,0,,,,,,,,41,0.6097560975609756,0.7317073170731707,0.12195121951219512,0.2682926829268293,0.0,1.0,0.0033719615839311735,,-0.005930738276745899,,0,,,,,,,,0,,,,,,,,41,0.5853658536585366,0.6585365853658536,0.07317073170731707,0.34146341463414637,0.0,1.0,0.008378946042825726,,0.0017160837908825242,,0.0,0.0,0.39374783775655103,0.25725320818201325,0.1729658087112496,0.1760331453501861
X_PC0_E3,,weight,PC0,E3,pc_r0,1.4365535670306833,27.807321906089783,27.8,0.00026337791689856616,12,,11,29.57465797775174,0.5135812769628898,0.22285830387715613,3.058200682455522,0.15755571680214575,3.325299363935615,70,0.9714285714285714,0.9857142857142857,0.014285714285714285,0.014285714285714285,0.0,1.0,0.0017233101302290292,40,0.075,0.125,0.05,0.875,0.0,1.0,0.0016912938857319038,0,,,,,,,,0.8714285714285714,0.0034523338079452516,0.02836063822731376,70,0.9428571428571428,0.9571428571428571,0.014285714285714285,0.02857142857142857,0.014285714285714285,0.9857142857142858,0.0003174603174603179,40,0.1,0.15000000000000002,0.05,0.85,0.0,1.0,0.0012034868592245645,0,,,,,,,,0.9285714285714286,0.01347198784351349,0.01742192159406841,0.9589285714285716,1.0,0.0,0.0,1.0,0.0
X_PC1_E3,,weight,PC1,E3,pc_r1,1.4290882655775452,27.808139741420746,27.8,0.00029279645398361254,12,,11,29.73636799614729,0.5158777297467653,0.2256796236653266,3.02280904870113,0.15609850836676323,3.3253287742940585,70,0.9857142857142858,1.0,0.014285714285714285,0.0,0.0,1.0,0.000680578953500063,40,0.125,0.175,0.05,0.8,0.025,0.975,0.0016446326543286538,0,,,,,,,,0.8571428571428571,-0.0010379374027252198,0.047805095952935514,70,0.9857142857142858,0.9857142857142858,0.0,0.014285714285714285,0.0,1.0,0.0012399756650627726,40,0.125,0.2,0.075,0.8,0.0,1.0,0.0012295081967213129,0,,,,,,,,0.9571428571428572,0.004561865329742431,0.016207871418446304,0.9794642857142858,1.0,0.0,0.0,1.0,0.0
X_PC2_E3,,weight,PC2,E3,pc_r2,1.4320234966832541,27.808749049901962,27.8,0.0003147140252504066,12,,11,29.770948036376875,0.5085240226390156,0.21989330027755502,3.0265659541512653,0.15644778069000062,3.325350685209771,70,0.9571428571428572,1.0,0.04285714285714286,0.0,0.0,1.0,0.0012839560197745745,40,0.1,0.15000000000000002,0.05,0.85,0.0,1.0,0.0022794234750756455,0,,,,,,,,0.8428571428571429,-0.004673704504966736,0.026658283621072767,70,0.9428571428571428,0.9714285714285714,0.02857142857142857,0.02857142857142857,0.0,1.0,0.0006262626262626256,40,0.075,0.22499999999999998,0.15,0.775,0.0,1.0,0.01119818183901795,0,,,,,,,,0.9428571428571428,0.001757243275642395,0.01347539628855884,0.9383928571428574,1.0,0.0,0.0,1.0,0.0
X_RND0_E3,,weight,RND0,E3,rnd_d0,1.3943185917362446,27.80776485800743,27.8,0.00027931143911619216,12,,11,29.65406565100526,0.5124309745192346,0.21823168291967118,3.048527331043037,0.15717339854374263,3.3253152931355294,70,0.9714285714285714,1.0,0.02857142857142857,0.0,0.0,1.0,0.0012906412939910523,40,0.1,0.2,0.1,0.8,0.0,1.0,0.0013620589936379408,0,,,,,,,,0.8571428571428571,0.0021826118230819703,0.008674622846301645,70,0.9428571428571428,0.9571428571428571,0.014285714285714285,0.04285714285714286,0.0,1.0,0.0057878700994175025,40,0.1,0.125,0.025,0.875,0.0,1.0,0.006336307841395461,0,,,,,,,,0.9428571428571428,0.006394177675247192,0.004169595325365662,0.9589285714285716,1.0,0.0,0.0,1.0,0.0
X_RND1_E3,,weight,RND1,E3,rnd_d1,1.3903411432760007,27.80713814496994,27.8,0.0002567678046740962,12,,11,29.69458133923291,0.5128181925281122,0.21901569175216717,3.0343941239354693,0.15660887676060414,3.3252927555420544,70,0.9714285714285714,0.9857142857142857,0.014285714285714285,0.014285714285714285,0.0,1.0,0.0009411031548385105,40,0.075,0.125,0.05,0.875,0.0,1.0,0.0010701841712294686,0,,,,,,,,0.8714285714285714,0.0007796257734298706,0.005656552226282656,70,0.9571428571428572,0.9714285714285714,0.014285714285714285,0.02857142857142857,0.0,1.0,0.005063287071472202,40,0.1,0.2,0.1,0.8,0.0,1.0,0.005627848297339822,0,,,,,,,,0.9571428571428572,0.005006420612335205,0.0024884054553695025,0.9589285714285716,1.0,0.0,0.0,1.0,0.0
X_RND2_E3,,weight,RND2,E3,rnd_d2,1.3864995893539886,27.807665646076202,27.8,0.00027574266461161123,12,,11,29.701060684994854,0.5179743798602214,0.22145738635290246,3.025954175962472,0.15615386446097299,3.3253117253511815,70,0.9714285714285714,0.9857142857142857,0.014285714285714285,0.014285714285714285,0.0,1.0,0.0007275701592674036,40,0.1,0.15000000000000002,0.05,0.85,0.0,1.0,0.0019985555197688824,0,,,,,,,,0.8285714285714286,0.0007843881845474243,0.010016263457946479,70,0.9714285714285714,0.9857142857142857,0.014285714285714285,0.014285714285714285,0.0,1.0,0.0005042016806722687,40,0.1,0.2,0.1,0.8,0.0,1.0,0.0059430615680615695,0,,,,,,,,0.9428571428571428,0.0015048086643218994,0.004258899423293769,0.9589285714285716,1.0,0.0,0.0,1.0,0.0
