model,trial,attn_cov0.10,attn_cov0.25,attn_cov0.50,attn_cov0.75,attn_mass,attn_energy,attn_centroid,attn_partic,attn_A1,attn_A2,mlp_cov0.10,mlp_cov0.25,mlp_cov0.50,mlp_cov0.75,mlp_mass,mlp_energy,mlp_centroid,mlp_partic,mlp_A1,mlp_A2,sum_cov0.10,sum_cov0.25,sum_cov0.50,sum_cov0.75,sum_mass,sum_energy,sum_centroid,sum_partic,sum_A1,sum_A2,mean_cos_in_support
gemma,0,18,18,18,18,20.609793235501822,16628471546.659306,37.5327239754276,17.83623079172396,15.095717978551793,7630949087.160675,8,6,2,0,3.1638385196413066,228217868.34864655,28.4427430927553,6.4442426328471285,1.6334492568705932,65108228.85309533,22,21,19,18,23.77363175514313,17399399993.500534,36.3230126466913,19.857432952977096,16.729167235422388,7907986782.0926895,0.6622533347375282
gemma,1,29,29,29,29,29.458442978304028,14197905765.658258,33.18773280504912,28.860591694635247,29.458442978304028,14197905765.658257,13,7,0,0,3.385039815801351,1072530678.9558713,41.83253506421893,12.606942314100031,3.385039815801351,1072530678.9558713,29,29,29,29,32.84348279410538,22250597926.685677,34.07871626226857,28.49185894902112,32.84348279410538,22250597926.685677,1.0
gemma,2,37,37,37,37,47.74899123994185,25060436895.99324,29.748669670043324,36.665983155701866,47.748991239941844,25060436895.993237,0,0,0,0,0.22071573241732415,567264.7428089989,29.988605275623488,35.90996847736497,0.22071573241732417,567264.7428089989,37,37,37,37,47.96970697235918,25299246991.531532,29.74977364933069,36.66586042914874,47.96970697235916,25299246991.53153,1.0
gemma,3,11,10,7,5,7.122913581431355,6485406855.433252,42.607768961441664,9.6808253176646,1.9292029552881915,421615277.4324138,28,28,0,0,11.540998890468988,2537544104.682658,33.87122489206866,27.94086084588317,5.546047353868321,302441281.9529226,28,28,11,9,18.663912471900346,16177594647.880306,37.20544800848119,21.520575828385038,7.475250309156514,1201460837.1548772,0.48768854206539014
gemma,4,35,35,35,32,33.88752925735045,15254530792.901922,31.13072367278321,34.37149048986517,33.88752925735045,15254530792.901922,11,11,11,1,7.744065637818802,1171220132.071022,31.000146187902413,10.983742712390855,7.744065637818802,1171220132.071022,35,35,35,32,41.63159489516926,19989396055.388924,31.10643441323684,31.46855742447296,41.63159489516926,19989396055.388924,1.0
gemma,5,16,16,16,13,16.54042494429521,5948066904.4981785,33.63321566953142,15.138180131919798,16.54042494429521,5948066904.4981785,0,0,0,0,0.0,0.0,,0.0,0.0,0.0,16,16,16,13,16.54042494429521,5948066904.4981785,33.63321566953142,15.138180131919798,16.54042494429521,5948066904.4981785,1.0
gemma,6,33,33,33,33,36.56096508582683,17609766750.10106,31.49376334071682,32.68908552778984,17.94846509936435,3937368173.419463,46,46,24,0,23.036267878768484,3429169599.1225634,24.942004588391757,45.76726695721812,8.416458717570299,764486378.4726351,46,46,33,33,59.597232964595314,36566314662.12997,28.961295603745075,39.2846477576645,26.364923816934642,8168119901.769765,0.347910455226209
gemma,7,37,37,37,28,34.757925592595825,10219913907.534046,29.13904659524229,35.21541009826653,34.757925592595825,10219913907.534044,32,32,32,24,29.214516019012137,9985537186.43243,31.461753390061865,30.762127502991852,29.214516019012137,9985537186.43243,37,37,37,32,63.97244161160796,40384498110.75232,30.199765135214545,33.66470784825742,63.97244161160796,40384498110.75232,1.0
gemma,8,3,3,3,3,2.8477877141053507,4319122433.790877,43.9935485844001,2.9885198570909814,2.8477877141053507,4319122433.790877,14,14,11,7,10.33698849914565,9137440474.401714,41.57095830686435,13.00324924396833,10.33698849914565,9137440474.401714,14,14,11,7,13.184776213251002,22350224529.94848,42.094215032431194,10.559783090585986,13.184776213251002,22350224529.94848,1.0
gemma,9,8,6,4,2,4.13646783402878,699266172.6321737,32.747831078828135,6.348397412908146,4.13646783402878,699266172.6321735,20,18,0,0,6.667871882678147,1642441781.9246593,37.990545397207455,19.389730037200618,6.667871882678147,1642441781.9246588,20,19,7,5,10.804339716706927,3016055000.3305173,35.983359422904535,15.492492618038222,10.804339716706927,3016055000.3305173,1.0
gemma,10,14,14,14,10,12.284799915396674,5414559519.334561,36.47014185816702,13.560826512423912,12.284799915396672,5414559519.334561,18,0,0,0,2.68475828594996,233629630.84924313,36.97598808733779,22.496852517849327,2.68475828594996,233629630.84924313,18,14,14,13,14.969558201346633,7195388398.048111,36.56086429879728,15.581174791338562,14.969558201346633,7195388398.048111,1.0
gemma,11,11,11,9,4,7.392146563895244,1275890443.281952,32.068617395835666,10.484785755934384,7.392146563895244,1275890443.281952,5,5,4,3,4.164440362108495,2507925861.2310157,39.15080667764008,4.566287551450756,4.164440362108495,2507925861.231015,15,15,14,8,11.55658692600374,3978920382.8221874,34.620699172754996,14.136810670294404,11.556586926003737,3978920382.8221865,1.0
gemma,12,34,34,34,34,28.220110104818083,9592395655.508625,30.52546185257401,33.99973450543539,28.220110104818083,9592395655.508625,38,38,32,13,25.345752453645666,6991104032.856672,30.035828224502314,36.259383229856546,25.345752453645666,6991104032.856672,38,38,34,34,53.56586255846375,32844116191.215942,30.29378197032548,35.6133596883136,53.56586255846375,32844116191.215942,1.0
gemma,13,28,28,25,14,20.16036033126549,9867013323.623753,35.11689982693147,26.79250459829948,20.160360331265487,9867013323.623753,44,43,35,18,29.648681766792134,6680723641.988294,27.721041111002606,39.817602138625794,29.648681766792134,6680723641.988293,44,43,35,28,49.80904209805763,32138292161.651127,30.714537279403537,36.03658500706677,49.809042098057624,32138292161.651127,1.0
gemma,14,36,36,36,24,27.758228110828124,8956281065.480335,30.038014923881523,35.876509400768605,12.765622477967778,5231363917.444559,32,32,28,22,29.482655700293137,19460022402.850204,34.373851214727694,28.843787679641785,17.411281129344125,12075346192.306906,36,36,36,32,57.240883811121265,54659787330.506714,32.271243344282276,33.30949198072297,30.176903607311907,33170284513.87591,0.442451579661091
gemma,15,5,5,5,5,4.139570186926852,696482551.8197203,31.004745856721474,4.987550037998534,4.139570186926852,696482551.8197203,36,35,25,15,24.136531453787324,5498239776.512257,30.25734101476721,31.625662868446536,24.136531453787324,5498239776.512256,36,35,25,15,28.276101640714174,7937623655.318492,30.36675973311217,26.23733354280097,28.276101640714174,7937623655.318491,1.0
gemma,16,20,20,17,12,15.200938518191002,10511029405.892387,38.822226052780444,18.582853807688448,15.200938518191,10511029405.892387,13,13,13,13,17.508590502916466,9272136864.115143,34.966432849533255,12.96241186740508,17.508590502916462,9272136864.115143,20,20,19,19,32.70952902110747,31171395719.212513,36.75831665756966,17.446296146848592,32.709529021107464,31171395719.21251,1.0
gemma,17,25,25,25,25,30.946652100106686,22749127735.740715,35.41082922643518,24.88900302166441,30.94665210010669,22749127735.740715,39,39,32,18,28.36299009413971,6562674938.760307,28.900602966392025,35.718898757526674,28.36299009413971,6562674938.760307,39,39,34,27,59.30964219424639,52695208133.49875,32.29751617828928,31.564248802393077,59.30964219424639,52695208133.49874,1.0
gemma,18,6,6,4,4,4.715877297360818,1295658653.7130713,33.52379690790359,4.9252887710812985,4.715877297360818,1295658653.7130713,30,27,21,12,19.126483644824532,8181776684.658665,34.969894236524674,26.293241305919967,19.126483644824532,8181776684.658663,30,27,21,13,23.84236094218535,11736545008.557224,34.6838647791922,21.664206004275872,23.84236094218535,11736545008.557224,1.0
gemma,19,14,14,12,7,10.304258883398958,5559252943.153551,38.57653651927352,13.179557094590251,10.304258883398957,5559252943.15355,34,30,0,0,11.275030585519573,1715648496.8460755,31.589296667361992,33.0911083835526,11.275030585519572,1715648496.8460755,34,30,14,14,21.579289468918528,12667695898.155457,34.92575167058166,23.629393968335197,21.579289468918528,12667695898.155457,1.0
gemma,20,18,18,15,11,14.500160871332039,12014513589.849716,39.84865102775796,16.64026656298986,14.500160871332035,12014513589.849716,0,0,0,0,0.0,0.0,,0.0,0.0,0.0,18,18,15,11,14.500160871332039,12014513589.849716,39.84865102775796,16.64026656298986,14.500160871332035,12014513589.849716,1.0
gemma,21,29,29,29,29,41.13287118559451,27768403469.442844,33.02629651763393,28.999206365464445,22.562109196345258,16228597322.153576,0,0,0,0,1.6445082568927545,72071859.42500168,35.65067011776016,25.828134781632347,1.066411893415204,46079690.971489616,29,29,29,29,42.77737944248727,30638694285.53488,33.127186383044716,29.01799615081237,23.62852108976046,17995090369.614555,0.5015197301662006
gemma,22,17,17,17,17,17.623446251571117,8028479366.68085,35.05059911581541,16.649524217048725,13.195257325833282,4819688739.799098,5,3,1,0,1.9129710686778423,882458384.6512008,41.9974807752825,4.400596864254918,1.1916887832164806,334995875.73838264,18,17,17,17,19.53641732024896,11896828114.94284,35.73082535250187,16.960082580020515,14.386946109049763,6346801127.238534,0.715190985475956
gemma,23,6,6,6,6,7.319176862450786,11959202466.157845,44.54673983578674,5.995165941186981,7.319176862450785,11959202466.157845,13,13,13,13,11.345230695230653,7742732290.474699,39.00611431921107,12.963513707368909,11.34523069523065,7742732290.474699,15,15,15,15,18.664407557681436,31549081568.468483,41.178849669052674,12.92091715340634,18.664407557681436,31549081568.46848,1.0
gemma,24,12,12,11,6,9.08446999754486,5689319416.311945,39.552783577815966,11.384594593455589,2.9816294821549123,530120827.36669457,41,6,0,0,8.005511358281197,440008496.6202149,27.169587799204358,40.09680488321052,3.405267439786444,79180795.14022577,41,18,12,10,17.089981355826055,8682860544.124712,33.75208594137883,23.88445041621828,6.386896921941356,852440552.2592745,0.3613355948760044
gemma,25,25,24,18,12,18.063616071583063,7001088231.359077,35.18346725049671,21.538246291961396,18.06361607158306,7001088231.359076,2,2,2,2,2.299238388028414,560367021.7522362,31.476303573236223,1.995517902031136,2.299238388028414,560367021.7522362,25,24,18,12,20.362854459611476,8459765474.912606,34.76487893055523,18.82097454897257,20.362854459611476,8459765474.912604,1.0
gemma,26,17,17,17,17,24.02591422646798,26810774139.80596,39.15509295745048,16.982641296343786,24.02591422646798,26810774139.80596,33,24,0,0,9.807323337810004,1504317938.2784715,32.622404451327604,31.266292494126102,9.807323337810004,1504317938.2784712,33,24,17,17,33.83323756427798,40576475908.177704,37.26144655949574,21.29675604822205,33.83323756427798,40576475908.1777,1.0
gemma,27,4,4,4,4,3.5059612883142037,5325144766.188931,44.50236933703376,3.999900354792502,3.5059612883142037,5325144766.188931,13,13,11,7,9.87926672955382,1906083898.253698,31.8513773837021,12.120708822912924,9.87926672955382,1906083898.253698,17,17,15,11,13.385228017868023,7231228664.442629,35.16502194679411,16.10415980721613,13.385228017868023,7231228664.442629,1.0
gemma,28,26,26,26,19,23.28926363955655,5664931894.815557,30.480986254533896,24.94098459289784,7.999194119697212,257236699.2828516,19,19,12,0,10.387525195749381,5437128379.205835,39.27946514637567,17.836652716040167,1.3988691307487398,63025608.83806645,30,30,30,23,33.676788835305935,18037804989.18304,33.19485608399518,27.401331681784082,9.398063250445954,457850889.2692346,0.32325490024411896
gemma,29,3,3,3,2,2.819046591919809,5441870561.420888,44.88392424799285,2.7819211366899776,2.819046591919809,5441870561.420888,34,32,28,22,29.141628585857468,14130449332.22194,33.244078903298565,29.402803132569765,29.141628585857468,14130449332.22194,34,32,28,22,31.960675177777276,28694534582.83208,34.270755159883095,27.944401110127775,31.960675177777276,28694534582.83208,1.0
gemma,30,20,20,20,20,22.52496457383488,18026371141.38508,37.7560599424469,19.95153132884298,22.524964573834875,18026371141.38508,38,35,19,0,17.569757144470596,4387285911.3802395,31.277665065977693,35.17340986330313,17.569757144470593,4387285911.3802395,38,35,20,20,40.09472171830548,39973116234.664215,34.917186899126094,26.83283888484084,40.09472171830548,39973116234.664215,1.0
gemma,31,18,16,12,9,11.839694183558994,9221736001.931143,40.38051298132924,15.504521231888102,11.839694183558994,9221736001.931143,21,18,7,0,8.785812982560428,3026963666.9761457,38.17256611069653,19.35581107719975,8.785812982560426,3026963666.9761457,21,19,17,14,20.62550716611942,22524689468.98268,39.43999752517242,17.443342122218798,20.62550716611942,22524689468.98268,1.0
gemma,32,14,14,14,14,17.880552584083155,20407734857.02012,40.59677697773526,13.991799986628868,9.805841145785354,4932440122.23658,16,14,10,6,10.335339544427068,4514226735.264772,37.5192205553572,13.027706275933651,6.928404002255615,1759768600.8628297,18,17,15,14,28.215892128510227,39739496331.86656,39.46948352029147,14.91917715246589,16.73424514804097,11585827687.438545,0.6321053313126503
gemma,33,10,10,10,7,9.763654374682455,12811339027.697678,43.23671185894155,9.352464233544925,9.763654374682453,12811339027.697678,0,0,0,0,0.0,0.0,,0.0,0.0,0.0,10,10,10,7,9.763654374682455,12811339027.697678,43.23671185894155,9.352464233544925,9.763654374682453,12811339027.697678,1.0
gemma,34,9,9,7,5,6.4528747182337,3493848088.419887,38.991659989677665,7.7413064037710955,4.187030203223898,1381853515.242334,0,0,0,0,0.0,0.0,,0.0,0.0,0.0,9,9,7,5,6.4528747182337,3493848088.419887,38.991659989677665,7.7413064037710955,4.187030203223898,1381853515.242334,0.652461776019328
gemma,35,38,35,31,24,33.16484952244789,12454043844.685753,30.99773217201218,32.49334613024131,33.16484952244789,12454043844.685753,2,0,0,0,0.3367045843092291,8885981.409404509,31.953381351119212,2.8911650535706688,0.3367045843092291,8885981.409404509,38,35,31,24,33.50155410675712,12680876836.203651,31.007336844636363,32.21618879397227,33.50155410675712,12680876836.203651,1.0
gemma,36,19,19,19,19,16.577582214652086,10146031729.866077,38.03230599088448,18.999195910830277,11.6521793567842,6313884009.882252,39,39,39,39,42.34429606647195,17572495521.747246,28.64501456151108,38.78926850580821,17.76498072299725,10484815694.619335,39,39,39,39,58.92187828112403,53826850815.129486,31.28611494702255,35.159301849352765,29.417160079781453,33028314570.69389,0.401226130364007
gemma,37,3,3,3,3,2.429235676636725,664328810.1425984,35.00040004945548,2.993530340492542,0.8930727925334356,89353855.35745849,25,25,22,15,21.254730119523494,11789870005.632385,36.16136897535715,22.41645524552593,8.631488178284261,1087690296.6444738,25,25,22,15,23.68396579616022,14371914393.529013,36.0422897992369,20.187718591261042,9.524560970817696,1434037536.715388,0.4568844568173304
gemma,38,18,17,14,8,12.912707583356562,8943776091.706402,39.580526885064224,15.9980279348159,5.4517480623435475,1170058502.743595,0,0,0,0,0.0,0.0,,0.0,0.0,0.0,18,17,14,8,12.912707583356562,8943776091.706402,39.580526885064224,15.9980279348159,5.4517480623435475,1170058502.743595,0.46806347951139693
gemma,39,22,22,21,5,14.482310395065532,3285142465.938282,32.59749353020265,21.557104146492733,14.48231039506553,3285142465.938282,10,0,0,0,2.4397122287433533,641061501.1228025,42.50258293919363,9.999840580245335,2.4397122287433533,641061501.1228025,26,22,21,11,16.922022623808886,5345290900.188774,34.02554786478977,23.726443964859126,16.922022623808886,5345290900.188773,1.0
gemma,40,36,33,23,14,22.969214677017856,5239095170.582305,30.645187808307643,30.187274475599303,12.766819196464917,2234588904.1110635,21,21,21,21,24.102033925046364,20716321242.31754,37.64577142068763,20.73803750896604,14.674303004632108,5302849985.417908,36,33,28,23,47.07124860206422,44496503488.41649,34.22971782889662,27.51920748673153,27.441122201097023,13773778806.35915,0.4398527588884245
gemma,41,38,38,38,28,30.146294502001997,9508253187.798857,29.200626376703458,37.7593612796633,30.146294502001997,9508253187.798855,29,15,0,0,7.454853309964081,1667885145.9343624,35.932743992963005,25.805973120674153,7.454853309964081,1667885145.9343624,38,38,38,29,37.60114781196608,18986822242.393845,30.535344921616296,36.637948133602926,37.60114781196608,18986822242.393845,1.0
gemma,42,18,18,18,14,15.169618358293071,10605211396.449066,39.06630347336992,17.7880134487746,15.169618358293071,10605211396.449066,20,18,12,8,12.176721984325994,3870032200.862966,35.517869267977325,16.550106084751118,12.176721984325994,3870032200.862966,22,21,18,18,27.346340342619065,24123551608.312603,37.48626401443733,18.942558862379162,27.34634034261906,24123551608.312603,1.0
gemma,43,37,37,33,25,32.52593841210004,11217081579.83305,30.427177295111765,34.11947994252413,32.52593841210004,11217081579.83305,0,0,0,0,1.5488027352009688,24256957.166658375,29.388797110342153,36.73705044934256,1.5488027352009688,24256957.16665837,37,37,34,27,34.07474114730101,12274529159.040474,30.3799796931286,34.28876881863924,34.07474114730101,12274529159.040474,1.0
gemma,44,10,10,8,3,6.630770037204465,5462249941.026781,43.073242144486095,9.611663911925639,6.630770037204465,5462249941.026781,0,0,0,0,0.0,0.0,,0.0,0.0,0.0,10,10,8,3,6.630770037204465,5462249941.026781,43.073242144486095,9.611663911925639,6.630770037204465,5462249941.026781,1.0
gemma,45,41,41,41,41,49.61794339660394,20953645407.97352,27.742820254608773,40.517631795045475,21.609902858088667,8035703666.080819,0,0,0,0,0.0,0.0,,0.0,0.0,0.0,41,41,41,41,49.61794339660394,20953645407.97352,27.742820254608773,40.517631795045475,21.609902858088667,8035703666.080819,0.4070136186720804
gemma,46,19,19,19,19,18.157920781894273,12129607271.921745,38.045271597189625,18.95474441203905,5.687094844998658,796361355.6510544,2,2,2,2,2.22851358628209,873338709.5975204,35.48782578443654,1.9988150103198248,0.735456975577657,94959619.48787881,19,19,19,19,20.386434368176364,14549295225.889853,37.76570810722508,17.12551822517469,6.422551820576314,1059184642.4357685,0.3156917653952255
gemma,47,29,29,29,29,33.17660891578456,17478529389.34352,33.1980855914273,28.533584345668164,19.171577697854005,9586705347.879429,3,1,0,0,0.5595812410034153,103808106.37119898,41.09781185554272,2.7094809181464456,0.4612045519185358,69745695.06813793,29,29,29,29,33.73619015678798,18735682004.758625,33.329118129657516,28.471634847315684,19.63278224977254,10432916713.49589,0.5558854610954033
gemma,48,18,18,18,18,19.389651113071466,7393123780.853401,33.44338371147482,17.841461667809583,11.516693806150485,4390532180.549929,17,15,12,9,12.105910378238077,11234814333.54169,41.019978390449374,14.042732881224103,9.64468921364884,7567036766.537601,23,23,23,23,31.49556149130954,27547260838.88043,36.35559012447082,21.428370853991442,21.161383019799324,18832159979.892296,0.6299660108036711
gemma,49,6,6,4,2,4.0624995245467055,523410299.4061813,29.577702267936136,5.242877877736521,4.0624995245467055,523410299.4061812,0,0,0,0,0.0,0.0,,0.0,0.0,0.0,6,6,4,2,4.0624995245467055,523410299.4061813,29.577702267936136,5.242877877736521,4.0624995245467055,523410299.4061812,1.0
gemma,50,32,32,32,23,26.906871478539557,12523086704.733604,32.749470791915265,31.39241391335032,26.906871478539557,12523086704.733604,31,31,31,31,36.476893482510384,18847020554.19301,32.09615714229205,30.923092356876666,36.47689348251038,18847020554.19301,32,32,32,31,63.38376496104994,61970148635.67207,32.37349356142698,31.367109561950134,63.38376496104994,61970148635.67207,1.0
gemma,51,15,15,13,9,12.71758321149153,12857725451.301308,41.26275994578609,13.7464227535854,12.71758321149153,12857725451.301308,23,23,23,0,16.535257160706955,7323905887.268496,36.17781556312905,22.98001349076229,16.535257160706955,7323905887.268495,23,23,23,15,29.252840372198484,38426790419.274475,38.38847963846128,20.203267466902904,29.25284037219848,38426790419.274475,1.0
gemma,52,17,17,13,6,11.223784155768492,6501444946.950458,39.423393558004264,15.57993431006739,1.659861810639486,110894780.88693851,18,18,18,15,16.06708802047862,12327433840.093094,39.15868152444747,17.65366837481179,2.4847311270701953,198586919.53588086,18,18,18,17,27.290872176247113,36258512840.42308,39.26754835394594,17.10627498365936,4.144592937709682,595117999.4305172,0.16220811596870738
gemma,53,22,22,22,16,18.944903472705313,11816088946.86847,37.30742150430835,21.278206551994625,2.58849062483716,118410314.57138045,39,27,0,0,10.81215928626172,1331252317.7074273,30.146965984277195,36.594997053144596,3.0783496972623308,26169820.21382577,39,27,22,22,29.757062758967038,20947610902.489487,34.70568670703105,27.23239538848488,5.666840322099491,233818812.62260535,0.3092983093273529
gemma,54,37,32,23,7,20.312380148900175,5735151789.257234,31.890609830602106,32.51381796874728,10.230742423655599,3530537237.0640674,24,24,24,0,12.183213933546714,3514989044.9983835,35.50013005318633,23.999999990828975,7.36614482179284,2250629760.477667,37,32,24,24,32.495594082446885,18091219152.477283,33.24388735362979,29.8587677572651,17.596887245448436,11360347759.867474,0.4086032924365519
gemma,55,25,25,24,18,22.19826563043668,12188601179.238548,35.841176568616156,23.71342980922674,22.19826563043668,12188601179.238546,2,2,2,2,2.2735775863954393,1790868425.7745032,39.488791415447466,1.9989954458766839,2.2735775863954384,1790868425.7745028,25,25,24,18,24.47184321683212,17481967994.936718,36.18006135494295,21.069464471142663,24.47184321683212,17481967994.936718,1.0
gemma,56,8,8,8,6,8.236303430746293,12669839190.545162,44.170133121099916,7.317315054559001,5.431608851853774,5156164684.2612295,12,12,10,6,9.383372866165232,7931751641.657799,41.43451153852736,11.128554485614558,7.3348452320075825,4494431567.639032,12,12,11,9,17.61967629691152,37184171280.64748,42.7132756341944,10.350148366955821,12.766454083861356,17202872356.431858,0.7721437426143417
gemma,57,25,25,20,15,21.75315779903687,19227732638.81859,37.84279693448304,21.545949000073623,21.75315779903687,19227732638.818584,23,0,0,0,3.8236092150930316,183483242.57787168,31.600130584103006,26.470823929319906,3.823609215093031,183483242.57787168,27,25,23,18,25.576767014129906,22457452494.58525,36.909546982646766,23.485099381968404,25.576767014129903,22457452494.585247,1.0
gemma,58,9,9,9,7,7.524423234513417,1000391745.5486615,29.00697117816709,8.90611506029158,7.524423234513417,1000391745.5486614,28,28,28,28,29.595425649807197,11633319210.6517,31.542770858891107,27.49609852245477,29.595425649807193,11633319210.6517,28,28,28,28,37.11984888432061,15531663973.343063,31.028748560600697,24.493192262255587,37.119848884320604,15531663973.34306,1.0
gemma,59,38,35,26,12,23.1741218321206,8105078978.577891,31.84289914883628,33.9109719809654,23.1741218321206,8105078978.577891,18,0,0,0,2.246604055682596,103812141.71000724,33.93419067522849,18.81590507234338,2.2466040556825955,103812141.71000724,38,35,26,17,25.4207258878032,9668200428.661554,32.02772093738566,32.96733507017664,25.420725887803197,9668200428.661554,1.0
gemma,60,36,36,36,36,42.07461355608764,22009001323.071453,30.689156182341453,35.24855846769826,42.074613556087634,22009001323.07145,0,0,0,0,0.0,0.0,,0.0,0.0,0.0,36,36,36,36,42.07461355608764,22009001323.071453,30.689156182341453,35.24855846769826,42.074613556087634,22009001323.07145,1.0
gemma,61,33,33,33,25,30.2528263682607,15038894832.517487,32.70558964748252,31.537174482965984,30.2528263682607,15038894832.517483,0,0,0,0,1.7977580017763604,53166236.1299087,33.02386560792056,28.999763844630355,1.7977580017763604,53166236.129908696,33,33,33,27,32.050584370037065,16872169361.834839,32.723442150514735,31.508121116947606,32.05058437003706,16872169361.834839,1.0
gemma,62,22,22,22,22,28.150056931095257,24842354726.44025,36.96688051252975,21.877029287791196,28.150056931095257,24842354726.440247,37,34,26,18,26.362296319362496,5575060723.503486,29.475910043275572,30.34426801217058,26.362296319362496,5575060723.503485,37,35,31,27,54.51235325045776,50607318965.49928,33.34423038912099,28.712697114516985,54.51235325045776,50607318965.49928,1.0
gemma,63,32,32,32,32,32.50362275124142,13416356829.692955,31.554903313976048,31.698621822192987,32.50362275124142,13416356829.692953,17,11,0,0,4.933196309329522,1410236544.500566,39.82606322596338,16.6781863907308,4.933196309329522,1410236544.500566,32,32,32,32,37.43681906057095,22940187014.54737,32.64482645850584,31.314021861596373,37.43681906057094,22940187014.54737,1.0
gemma,64,32,32,32,30,32.064401570834846,9874054726.726198,29.486840960475703,31.210593069670665,32.064401570834846,9874054726.726196,32,32,32,28,30.50237854482337,13875435180.373228,32.428799578535276,31.154967664580127,30.50237854482337,13875435180.373226,34,34,34,33,62.56678011565822,45506984532.32032,30.92109625162821,32.100134895338684,62.56678011565822,45506984532.32032,1.0
gemma,65,29,29,29,26,29.53604696561,15981923842.688284,33.90083416026806,28.07534382391527,29.536046965609998,15981923842.688284,0,0,0,0,0.0,0.0,,0.0,0.0,0.0,29,29,29,26,29.53604696561,15981923842.688284,33.90083416026806,28.07534382391527,29.536046965609998,15981923842.688284,1.0
gemma,66,37,37,37,37,47.36017480044523,25974915437.96913,30.0004143571233,36.53412148930621,22.53979168354878,9740640535.275784,0,0,0,0,0.0,0.0,,0.0,0.0,0.0,37,37,37,37,47.36017480044523,25974915437.96913,30.0004143571233,36.53412148930621,22.53979168354878,9740640535.275784,0.44464126136631
gemma,67,29,29,29,29,34.776764064104455,19957268956.132034,33.072826031995184,28.993809662638093,34.77676406410445,19957268956.132034,10,6,0,0,2.694431702428913,942674011.9844091,43.07204704034555,9.803640072534066,2.694431702428913,942674011.9844091,29,29,29,29,37.47119576653337,28413274482.51015,33.79183746286485,28.693482064604126,37.47119576653336,28413274482.51015,1.0
gemma,68,32,32,32,32,39.50053085911776,21647833081.40275,31.659572254189477,31.986163693294458,39.50053085911776,21647833081.40275,6,0,0,0,1.0887513404803597,193095877.18186915,43.84267164189999,8.099702778112766,1.0887513404803597,193095877.18186915,32,32,32,32,40.589282199598124,25213498217.372223,31.98636704017134,31.900683691082488,40.58928219959812,25213498217.372223,1.0
gemma,69,13,13,11,5,8.83430455216307,6706575988.482939,41.481478143209834,12.229373985765239,1.0704793534154764,82631229.34044185,17,17,17,17,19.318926355851445,19394069650.18626,39.57278168809653,16.75793987724505,2.7174125040699635,269527747.4422039,17,17,17,17,28.153230908014514,48095051477.00961,40.171718479301724,15.825676257495777,3.78789185748544,623773689.4279861,0.1461498492603954
gemma,70,29,29,29,28,29.220354544950656,10088812279.853416,30.9211992696934,28.33594635095139,29.220354544950652,10088812279.853416,30,30,30,29,28.458525859669535,12789344755.548416,32.94243239348135,29.622851760774626,28.458525859669535,12789344755.548416,31,31,31,31,57.67888040462019,43943323487.72291,31.91846750233289,29.613180096803863,57.67888040462019,43943323487.7229,1.0
gemma,71,38,38,38,33,36.00987258237735,12244723892.809319,29.20544637178759,37.010116454687044,36.00987258237735,12244723892.809319,32,32,32,27,30.318980263580983,11916433428.024334,31.870088480293948,31.067739559164632,30.318980263580983,11916433428.024334,38,38,38,33,66.32885284595832,48297614597.57126,30.423456755367354,34.90570122708376,66.32885284595832,48297614597.57126,1.0
gemma,72,28,28,28,28,31.924303427976668,19217512626.871883,33.981814640554795,27.799254198192695,31.924303427976664,19217512626.87188,41,41,41,31,34.76838930800507,9612588568.717323,27.635290676199393,40.18645126588475,34.76838930800507,9612588568.717323,41,41,41,33,66.69269273598174,55745741538.68356,30.67323004315641,35.733130539908124,66.69269273598172,55745741538.68355,1.0
gemma,73,42,42,42,39,46.97471650218435,18093761423.17398,27.82436387283136,40.38937324878892,46.97471650218435,18093761423.17398,0,0,0,0,0.0,0.0,,0.0,0.0,0.0,42,42,42,39,46.97471650218435,18093761423.17398,27.82436387283136,40.38937324878892,46.97471650218435,18093761423.17398,1.0
gemma,74,24,24,24,24,27.622861770700915,19896249501.401314,36.03953370658564,23.680535391809784,18.292444826239876,12020623312.231068,39,33,12,0,15.798788635647849,2138986233.1762223,29.294362644809286,34.83362565325748,7.303697192479865,1186678125.751911,39,34,24,24,43.42165040634877,34501080266.97442,33.58533100081488,28.94572572093818,25.59614201871974,20590436307.40136,0.4200547101716218
gemma,75,17,17,17,17,16.42153026364089,3656023187.9049535,30.951410616714927,16.75328469453728,16.42153026364089,3656023187.9049535,31,31,31,25,32.47060949225027,20746244833.835403,33.933578423989935,29.094043263872425,32.47060949225027,20746244833.8354,31,31,31,25,48.89213975589116,33875398496.52291,32.93194995890478,26.891448145677707,48.89213975589115,33875398496.522903,1.0
gemma,76,29,29,29,29,35.53967497343525,20039318021.157974,32.99610605609179,28.93739102254628,35.53967497343524,20039318021.157974,7,7,5,3,4.645579294839333,4662004478.937555,44.47183959215638,6.555025174015757,4.645579294839333,4662004478.937555,29,29,29,29,40.185254268274576,39283246898.181656,34.3227476583156,27.94536208037865,40.185254268274576,39283246898.181656,1.0
gemma,77,35,35,35,35,45.481869684587366,22759843905.614983,30.048036558494214,34.9443988553508,45.48186968458735,22759843905.614983,10,10,10,7,9.189080925456281,10475880051.841932,42.67926227821033,9.602373586288568,9.189080925456281,10475880051.84193,35,35,35,35,54.67095061004364,59634577464.31052,32.171090100293306,32.748802739905365,54.67095061004363,59634577464.31052,1.0
gemma,78,17,17,17,17,22.35847203151117,11285448948.686443,34.00256130480463,16.9664180199504,22.35847203151117,11285448948.686443,12,12,9,1,6.933537408496033,4843386346.749478,42.12825379983219,11.39022946737348,6.933537408496032,4843386346.749478,22,22,22,18,29.292009440007202,22555371432.08631,35.925945666659295,20.071813189914238,29.292009440007202,22555371432.086304,1.0
gemma,79,33,33,33,33,43.55305741306598,24665539871.805813,31.278031152700066,32.91131704991292,43.55305741306597,24665539871.805813,38,33,20,4,18.901206797250083,4067061429.418635,30.923967150420548,33.11406311463635,18.901206797250083,4067061429.418635,38,33,33,33,62.45426421031606,48401410201.3932,31.17087694936159,33.40907243585115,62.45426421031606,48401410201.3932,1.0
gemma,80,41,41,41,41,50.66807014725843,22905086046.911095,27.98891492549459,40.40312274954387,50.66807014725843,22905086046.91109,38,33,25,14,22.798861210756012,8582381059.730616,32.52968676734064,32.40904073521172,22.79886121075601,8582381059.730616,41,41,41,41,73.46693135801445,59395088148.26733,29.39804451752108,38.79451675018285,73.46693135801445,59395088148.26733,1.0
gemma,81,33,33,33,33,38.87728059329351,18369558197.305252,31.30872757852861,32.331064841180556,38.87728059329351,18369558197.30525,29,23,11,0,12.184821205140919,2143087280.3742828,33.02741660341945,25.22841021565384,12.184821205140919,2143087280.3742828,33,33,33,33,51.06210179843443,32607624177.666473,31.71885402726353,31.192687272334023,51.062101798434426,32607624177.666473,1.0
gemma,82,30,30,27,19,26.593550067333187,6815214096.529348,30.319103930270057,27.168274975434144,26.593550067333187,6815214096.529348,29,25,19,11,18.611803755356824,4229625946.477852,31.863947342674603,23.926340800156158,18.611803755356824,4229625946.477851,31,30,29,27,45.205353822690014,21620599625.53294,30.955141921194862,26.08275686269582,45.205353822690014,21620599625.53294,1.0
gemma,83,24,24,20,16,21.895327396259415,4385840668.1354685,29.535887872090715,21.128602937292566,21.895327396259415,4385840668.1354685,30,26,18,11,18.316943391300057,2343994053.4553027,28.41866585396195,24.40284640294721,18.316943391300057,2343994053.4553022,30,26,24,23,40.212270787559476,13038701720.094261,29.026986184601096,22.717970328126093,40.21227078755947,13038701720.094261,1.0
gemma,84,18,16,13,10,14.575241904575332,2835504491.568263,30.404813188853726,14.744017794956468,14.575241904575332,2835504491.5682626,32,29,20,10,19.11007751424558,2481342418.480936,28.34761073220694,27.360557536472697,19.11007751424558,2481342418.480936,32,29,21,17,33.68531941882092,9899878820.63984,29.237738062736582,21.885637739768878,33.68531941882092,9899878820.63984,1.0
gemma,85,39,39,36,28,37.24489112623415,11234820493.465807,28.91097746741821,35.47008255693611,37.24489112623415,11234820493.465807,20,17,10,4,10.073359716022019,2234619726.334218,34.51590368881371,17.111067804742966,10.073359716022019,2234619726.334218,39,39,36,29,47.31825084225618,22173032864.816967,30.10418383081701,32.539188027173296,47.31825084225618,22173032864.816963,1.0
gemma,86,33,33,30,21,29.008434159144393,8975493784.286158,31.09222554089791,30.189309052893154,29.008434159144393,8975493784.286158,38,35,28,18,27.949994666932476,7148185180.922573,29.960809732752377,32.444208714262416,27.949994666932476,7148185180.922572,38,35,33,33,56.95842882607687,32131547574.832745,30.53702999819233,31.379430191081052,56.95842882607687,32131547574.83274,1.0
gemma,87,17,17,16,10,13.464405970848341,3497248828.4894423,33.12101611695254,16.183291240802628,13.46440597084834,3497248828.4894423,20,20,15,10,15.09667646677748,2092245217.9341536,28.686061934527935,17.310884775057843,15.09667646677748,2092245217.9341536,23,23,20,15,28.56108243762582,9863059158.392351,30.776809850146513,18.567108666111487,28.56108243762582,9863059158.392351,1.0
gemma,88,20,20,20,19,19.818150946128426,14216578768.85268,37.90203500431403,19.565263349914556,19.818150946128426,14216578768.852678,0,0,0,0,0.0,0.0,,0.0,0.0,0.0,20,20,20,19,19.818150946128426,14216578768.85268,37.90203500431403,19.565263349914556,19.818150946128426,14216578768.852678,1.0
gemma,89,37,37,36,31,38.06735428312098,15472666807.116203,30.402310448707286,34.39440494877015,16.027636052820814,1668061368.7047374,20,17,13,9,14.37315028017848,2501152968.971006,30.218269997672927,15.942932397336222,8.005824291378485,640764808.5509092,37,37,36,31,52.440504563299456,25843898386.83216,30.351867740682692,29.70901486561957,24.033460344199298,4066326963.9477587,0.38924758773436574
gemma,90,39,39,39,35,43.01435468441501,19405926966.39013,29.640791386840316,37.244761537120795,15.32961700435152,1053324627.8337605,10,10,10,7,9.2771577291566,1359829305.7110305,28.561757782682037,9.32706914811738,4.617721305040014,283923761.7298146,39,39,39,35,52.29151241357161,24393544523.91565,29.44935754836831,32.89884148027235,19.947338309391533,2053105487.4564745,0.3464582110846217
gemma,91,33,32,28,22,29.614658640072378,13572993893.844242,32.9928905294482,29.103301328484402,15.620055668247659,3112796361.230529,29,24,17,9,16.470668051313808,2852324727.2538705,30.930838346640993,23.59452006887085,9.96361078035164,1154120255.0272617,33,32,30,27,46.085326691386186,27360413679.771126,32.255923267939075,27.790648131592565,25.5836664485993,7787437756.784801,0.46799398852334845
gemma,92,31,31,31,23,30.904748865349717,8911703357.33995,29.975447557395096,28.57294903672819,13.651957326899536,918332214.8696272,17,17,13,9,13.806465356800956,3865063843.9329696,33.070976588864305,14.28561863272828,4.9335440573197245,384724027.35353863,31,31,31,23,44.71121422215067,22394097471.870033,30.931322164637987,24.719100089775953,18.58550138421926,2335354731.0998154,0.4156508894276571
gemma,93,31,31,31,24,29.919915537105858,7235989520.818387,28.953743183771486,29.345931115334313,29.91991553710585,7235989520.818386,22,19,15,10,15.246158951203782,2754762393.656403,30.715433152989885,18.171361663114126,15.246158951203782,2754762393.656403,31,31,31,26,45.16607448830963,17579271569.945683,29.548415304333947,26.11520595701894,45.16607448830963,17579271569.94568,1.0
gemma,94,37,37,37,37,37.76295305635488,13722625186.869448,29.373978569052664,36.380017964274785,37.762953056354874,13722625186.869446,18,16,12,8,12.642571577143755,3038544996.7758074,32.615853639773675,14.165020503976718,12.642571577143755,3038544996.7758074,37,37,37,37,50.405524633498636,24949659400.8385,30.187096534270907,31.810363496245873,50.40552463349863,24949659400.8385,1.0
gemma,95,18,18,18,15,18.228312143279325,2956126173.6161833,28.44840530015109,17.20936522153429,18.228312143279325,2956126173.6161833,3,3,2,2,2.5141821412123844,387377616.6873754,29.83538454867228,2.583946163410873,2.5141821412123844,387377616.68737537,18,18,18,15,20.74249428449171,4393635994.144333,28.616520012347074,15.298642782926729,20.74249428449171,4393635994.144333,1.0
gemma,96,34,34,34,34,35.51247100708673,10950822729.712963,28.482494389955196,33.472795008449296,15.830567883606708,1607674792.110501,35,31,22,12,21.07780144100456,4170106252.5020337,30.361627851579268,29.972190488325726,10.181004821108662,777162121.3350351,36,35,34,34,56.590272448091284,27996951200.015297,29.182402700550295,32.83975325711739,26.01157270471537,4579787194.74039,0.398900793201197
gemma,97,26,26,26,26,28.542388944622136,7675989051.703011,29.463067564833207,25.747278637899463,15.236604099294844,2076045271.7614336,34,22,4,0,11.16043138580848,1146037519.7324724,30.260949947629534,30.044887539376877,5.8055284216116245,310236835.14014167,34,26,26,26,39.70282033043061,14113315644.399405,29.687351671429003,27.286350776424346,21.042132520906467,3941789076.5988355,0.4257000766096397
gemma,98,35,35,35,35,41.99371190566211,19136872357.925423,30.14179281359991,34.792499915802196,16.467675725143124,1207807051.3522115,40,38,30,22,33.33614567015193,7669516150.378335,28.40090342007342,33.08293983210253,14.266935865416679,890442033.664806,40,38,35,35,75.32985757581405,49473194230.427795,29.371387236238842,34.81713345289596,30.7346115905598,4090504128.664493,0.3471865295767661
gemma,99,35,35,35,25,30.74971701679084,9018491301.148527,30.046092764896727,33.403420829396005,15.435847822839708,2567366832.0104094,32,30,26,22,28.75868672970261,16385940621.335869,34.24242944611618,27.777229745474,15.407956467799256,3691047389.325005,35,35,35,32,59.50840374649344,49251097009.36018,32.07406065564462,31.774168587458224,30.843804290638964,12238027442.926044,0.45221652744629176
gemma,100,26,26,26,26,33.17016880096649,21809890920.641212,33.49890093990553,25.9867043769739,33.17016880096649,21809890920.641212,9,8,5,0,4.3887653358295005,3163806608.9809446,43.740653115615274,8.222272934694336,4.3887653358295005,3163806608.9809446,27,27,27,26,37.558934136796,38671280376.93486,34.69565074018476,26.031149943239658,37.55893413679599,38671280376.93486,1.0
gemma,101,36,36,36,36,34.77199986465027,11749378869.863054,28.53699230106586,35.78320425056719,15.149839825814587,2017498096.7557917,40,36,28,16,26.393631227142517,6903179737.309624,30.02941623473428,34.46590604668327,12.484466179017419,1478865181.4200873,40,37,36,36,61.16563109179278,36386787167.89816,29.18098936668416,35.90478032696902,27.634306004832005,6914637359.649965,0.36608414223312474
gemma,102,39,39,39,39,40.8933116606771,14566626343.932728,28.240512220710233,38.722599912602774,14.015343593602891,554311979.1886821,39,33,19,0,18.550352014626462,4202215200.586576,30.97406488506655,34.33077260477006,6.000058899020128,145862712.4441344,39,39,39,39,59.44366367530356,34308430921.6413,29.09356132702561,38.00905125165715,20.015402492623018,1259675525.8404224,0.329618628669276
gemma,103,46,46,46,46,54.4961133689186,19252333984.612003,25.381364398592403,45.187485709796455,21.081019643983147,7592656211.702565,40,37,28,17,26.804088050446765,5475067505.489243,28.782768113027277,34.264282937262884,13.098608835592838,2587907417.219825,46,46,46,46,81.30020141936537,44590936146.26017,26.50278258778661,42.60245899350709,34.17962847957598,18830544348.22341,0.359910975652641
gemma,104,12,12,12,12,14.423668303715186,4669443980.466755,32.5187873557105,11.946972723792223,14.423668303715186,4669443980.466754,13,10,0,0,4.018418560223286,1291836717.5569286,41.22462283575902,12.427167393620804,4.018418560223286,1291836717.5569286,21,20,12,12,18.44208686393847,6916160809.046524,34.415735956667596,16.213609947160645,18.44208686393847,6916160809.046523,1.0
gemma,105,26,26,26,25,24.052728629495164,4586115007.829887,28.468022441911103,25.654255972302348,13.068994707923853,1806859510.735334,40,37,25,15,25.021450192338087,4439232635.504533,28.375814827765634,34.38596271790718,12.408778200629527,1551836482.3413646,40,37,26,26,49.07417882183325,16709429456.178293,28.421008548248786,30.407606334301367,25.47777290855338,6548405177.692336,0.3808223127971551
gemma,106,29,29,28,19,25.50215343039442,5337787122.339105,29.13114066379465,27.033679461848944,12.947488492736921,1071810237.5495672,36,30,19,9,19.22145547727805,3048934291.4619646,29.668766410588923,29.532809527273013,9.409587098693848,579586423.6167126,36,30,29,28,44.72360890767247,16039205196.490452,29.36220317435318,28.240378364428217,22.35707559143077,3211913565.392787,0.39095291621329514
gemma,107,29,29,29,29,37.349143335887206,22792371228.86685,33.01149741504407,28.998963468229267,37.349143335887206,22792371228.86685,9,8,6,3,5.443310181691469,4956000144.413034,43.99973848398908,7.8354208127346405,5.4433101816914675,4956000144.413034,29,29,29,29,42.79245351757868,45096320487.91855,34.409229949003546,27.806284365357335,42.79245351757868,45096320487.91855,1.0
gemma,108,26,26,26,26,26.440503060727355,14387316440.765202,34.699177649169734,25.892401549216054,26.44050306072735,14387316440.7652,10,9,7,6,7.614733797542549,9262092598.31102,43.514165668450495,8.649363706434247,7.614733797542549,9262092598.31102,26,26,26,26,34.05523685826991,42711133281.37718,36.670204527494015,23.63309938379569,34.0552368582699,42711133281.37718,1.0
gemma,109,26,26,26,26,35.32854195139005,25212902171.632164,34.510618552780976,25.99906910128488,35.32854195139005,25212902171.632164,4,3,2,0,1.949209406309477,1142977529.4224758,45.927933381474894,3.488078782769734,1.949209406309477,1142977529.4224758,26,26,26,26,37.27775135769953,32936294547.39254,35.107616404001696,25.563360477793516,37.27775135769953,32936294547.39254,1.0
gemma,110,18,18,18,18,21.075465966568835,18082436207.48583,38.55895114208398,17.850588410642114,2.49016450102455,175701661.68211848,10,10,8,5,7.089158267209387,7567512620.85813,43.306340714946046,8.915168554215434,0.5660435468521066,42233016.92894967,18,18,18,18,28.164624233778223,45727739571.936264,39.753889720307775,16.83319930547334,3.0562080478766562,339183682.80285376,0.11946485550721511
gemma,111,25,25,25,25,34.69129610829512,26657577281.697792,35.069329525288275,24.99667314817177,34.69129610829512,26657577281.69779,2,2,1,0,0.8778273739128872,196855408.0495774,46.653901560610926,1.8269131986589784,0.877827373912887,196855408.0495774,25,25,25,25,35.569123482208,28658104355.605522,35.35523070732778,24.803339620820502,35.569123482208,28658104355.605522,1.0
gemma,112,22,22,22,22,29.564848547692627,24772128509.212036,36.557243886747884,21.996693623620697,29.564848547692627,24772128509.212036,2,0,0,0,0.2923998048341935,78006504.83189422,44.51486154430376,1.9982346356395795,0.2923998048341935,78006504.83189422,22,22,22,22,29.857248352526817,26284516694.979813,36.635174907803204,21.97364679075352,29.857248352526817,26284516694.97981,1.0
gemma,113,28,28,28,28,41.11537525700028,29893181542.243004,33.54501824716244,27.999122066943798,41.11537525700028,29893181542.243,7,3,0,0,1.6298739442331063,595863063.4952564,43.92015140265126,6.475505722882098,1.6298739442331063,595863063.4952564,28,28,28,28,42.74524920123339,37129815063.662125,33.940621489957245,27.84981331189578,42.74524920123339,37129815063.66212,1.0
gemma,114,26,26,26,26,36.85670836265554,27687994682.478443,34.55275014239,25.99705805865334,36.85670836265554,27687994682.478443,4,2,2,1,1.941909878452295,2475876558.5989933,45.43190594337404,3.0373566264417993,1.941909878452295,2475876558.5989933,26,26,26,26,38.79861824110783,40178777731.06571,35.0972628358026,25.51687561894825,38.79861824110783,40178777731.06571,1.0
gemma,115,23,23,23,23,32.096472784329464,27884298006.753635,36.23548463916401,22.96025700120125,32.096472784329464,27884298006.753635,10,8,5,1,4.9679697827610605,3904590311.7355843,43.31501226886927,8.601859125312076,4.9679697827610605,3904590311.7355843,23,23,23,23,37.06444256709052,49637699615.99295,37.18439623487828,22.126754176552595,37.06444256709052,49637699615.99294,1.0
gams,0,18,18,18,18,20.609793235501822,6014190026.251699,37.5327239754276,17.83623079172396,16.383296127361017,3742085488.7053766,8,6,2,0,3.1638385196413066,146857171.4387699,28.4427430927553,6.4442426328471285,1.6525530236329034,39535710.21745298,22,21,19,18,23.77363175514313,6428872429.332973,36.3230126466913,19.857432952977096,18.03584915099392,3885560235.101054,0.7130016939478437
gams,1,29,29,29,29,29.458442978304028,5407199339.574114,33.18773280504912,28.860591694635247,29.458442978304028,5407199339.574114,13,7,0,0,3.385039815801351,333316037.91206354,41.83253506421893,12.606942314100031,3.385039815801351,333316037.9120635,29,29,29,29,32.84348279410538,8020080756.600008,34.07871626226857,28.49185894902112,32.84348279410538,8020080756.600007,1.0
gams,2,37,37,37,37,47.74899123994185,9483940744.471663,29.748669670043324,36.665983155701866,47.74899123994185,9483940744.471663,0,0,0,0,0.22071573241732415,210710.0518043774,29.988605275623488,35.90996847736497,0.22071573241732417,210710.05180437744,37,37,37,37,47.96970697235918,9573473720.83602,29.74977364933069,36.66586042914874,47.96970697235918,9573473720.836018,1.0
gams,3,11,10,7,5,7.122913581431355,2080589813.881938,42.607768961441664,9.6808253176646,2.157548111775065,178394822.1734562,28,28,0,0,11.540998890468988,933064222.3540604,33.87122489206866,27.94086084588317,5.642854392390276,163720850.18191096,28,28,11,9,18.663912471900346,5317558462.100304,37.20544800848119,21.520575828385038,7.800402504165341,545271155.5761802,0.4950560672793899
gams,4,35,35,35,32,33.88752925735045,5725483998.815957,31.13072367278321,34.37149048986517,33.88752925735045,5725483998.815956,11,11,11,1,7.744065637818802,602035801.9371897,31.000146187902413,10.983742712390855,7.744065637818802,602035801.9371898,35,35,35,32,41.63159489516926,8151732792.932185,31.10643441323684,31.46855742447296,41.63159489516926,8151732792.932184,1.0
gams,5,16,16,16,13,16.54042494429521,2692213294.684272,33.63321566953142,15.138180131919798,16.54042494429521,2692213294.6842713,0,0,0,0,0.0,0.0,,0.0,0.0,0.0,16,16,16,13,16.54042494429521,2692213294.684272,33.63321566953142,15.138180131919798,16.54042494429521,2692213294.6842713,1.0
gams,6,33,33,33,33,36.56096508582683,6715841797.073265,31.49376334071682,32.68908552778984,19.186746307579227,2145733823.081339,46,46,24,0,23.036267878768484,1316893113.186953,24.942004588391757,45.76726695721812,8.842866312941553,421036378.8470665,46,46,33,33,59.597232964595314,13973127171.937033,28.961295603745075,39.2846477576645,28.02961262052078,4465244037.063512,0.36646585345004135
gams,7,37,37,37,28,34.757925592595825,4293806036.9836855,29.13904659524229,35.21541009826653,34.757925592595825,4293806036.9836855,32,32,32,24,29.214516019012137,4082806118.280984,31.461753390061865,30.762127502991852,29.214516019012137,4082806118.2809834,37,37,37,32,63.97244161160796,16735974413.221489,30.199765135214545,33.66470784825742,63.97244161160796,16735974413.221485,1.0
gams,8,3,3,3,3,2.8477877141053507,1291896265.7979307,43.9935485844001,2.9885198570909814,2.847787714105351,1291896265.7979307,14,14,11,7,10.33698849914565,2901500726.379792,41.57095830686435,13.00324924396833,10.33698849914565,2901500726.379792,14,14,11,7,13.184776213251002,6838598319.520309,42.094215032431194,10.559783090585986,13.184776213251002,6838598319.520309,1.0
gams,9,8,6,4,2,4.13646783402878,287390242.86310995,32.747831078828135,6.348397412908146,4.13646783402878,287390242.86310995,20,18,0,0,6.667871882678147,591046780.234196,37.990545397207455,19.389730037200618,6.667871882678147,591046780.2341958,20,19,7,5,10.804339716706927,1168854596.4703686,35.983359422904535,15.492492618038222,10.804339716706927,1168854596.4703686,1.0
gams,10,14,14,14,10,12.284799915396674,2280474140.8417234,36.47014185816702,13.560826512423912,12.284799915396674,2280474140.8417234,18,0,0,0,2.68475828594996,81491490.13913774,36.97598808733779,22.496852517849327,2.6847582859499597,81491490.13913774,18,14,14,13,14.969558201346633,2996975558.820062,36.56086429879728,15.581174791338562,14.969558201346633,2996975558.820062,1.0
gams,11,11,11,9,4,7.392146563895244,585983240.3758683,32.068617395835666,10.484785755934384,7.392146563895244,585983240.3758683,5,5,4,3,4.164440362108495,1022393875.396253,39.15080667764008,4.566287551450756,4.164440362108495,1022393875.396253,15,15,14,8,11.55658692600374,1701307787.83948,34.620699172754996,14.136810670294404,11.55658692600374,1701307787.83948,1.0
gams,12,34,34,34,34,28.220110104818083,3580395368.435749,30.52546185257401,33.99973450543539,28.220110104818083,3580395368.4357495,38,38,32,13,25.345752453645666,2730403453.0862465,30.035828224502314,36.259383229856546,25.345752453645666,2730403453.0862465,38,38,34,34,53.56586255846375,12522051034.56936,30.29378197032548,35.6133596883136,53.56586255846375,12522051034.569363,1.0
gams,13,28,28,25,14,20.16036033126549,3531580148.145521,35.11689982693147,26.79250459829948,20.160360331265487,3531580148.145521,44,43,35,18,29.648681766792134,2771921659.790229,27.721041111002606,39.817602138625794,29.648681766792134,2771921659.790229,44,43,35,28,49.80904209805763,12267416492.930202,30.714537279403537,36.03658500706677,49.80904209805762,12267416492.930202,1.0
gams,14,36,36,36,24,27.758228110828124,3341661913.6844687,30.038014923881523,35.876509400768605,13.725606225436902,2210297234.8548856,32,32,28,22,29.482655700293137,6991303658.0236225,34.373851214727694,28.843787679641785,18.85371717930937,5035933418.115228,36,36,36,32,57.240883811121265,19910244680.746246,32.271243344282276,33.30949198072297,32.57932340474627,13900939376.720827,0.4751072796637097
gams,15,5,5,5,5,4.139570186926852,299366201.0473881,31.004745856721474,4.987550037998534,4.139570186926852,299366201.0473881,36,35,25,15,24.136531453787324,2401030058.373237,30.25734101476721,31.625662868446536,24.136531453787324,2401030058.373237,36,35,25,15,28.276101640714174,3452346582.0943704,30.36675973311217,26.23733354280097,28.276101640714174,3452346582.09437,1.0
gams,16,20,20,17,12,15.200938518191002,3629158397.9975185,38.822226052780444,18.582853807688448,15.200938518191,3629158397.9975185,13,13,13,13,17.508590502916466,4010299634.808896,34.966432849533255,12.96241186740508,17.508590502916466,4010299634.808896,20,20,19,19,32.70952902110747,12478668501.446426,36.75831665756966,17.446296146848592,32.709529021107464,12478668501.446426,1.0
gams,17,25,25,25,25,30.946652100106686,8348562114.013648,35.41082922643518,24.88900302166441,30.94665210010669,8348562114.013648,39,39,32,18,28.36299009413971,2803332388.7194896,28.900602966392025,35.718898757526674,28.36299009413971,2803332388.719489,39,39,34,27,59.30964219424639,20366506799.694916,32.29751617828928,31.564248802393077,59.30964219424639,20366506799.694912,1.0
gams,18,6,6,4,4,4.715877297360818,549447175.5150299,33.52379690790359,4.9252887710812985,4.715877297360818,549447175.5150299,30,27,21,12,19.126483644824532,3087583275.1975913,34.969894236524674,26.293241305919967,19.126483644824532,3087583275.197591,30,27,21,13,23.84236094218535,4617203330.354998,34.6838647791922,21.664206004275872,23.84236094218535,4617203330.354998,1.0
gams,19,14,14,12,7,10.304258883398958,2149344725.4703794,38.57653651927352,13.179557094590251,10.304258883398958,2149344725.4703794,34,30,0,0,11.275030585519573,656218616.3419019,31.589296667361992,33.0911083835526,11.275030585519573,656218616.341902,34,30,14,14,21.579289468918528,4851619769.377023,34.92575167058166,23.629393968335197,21.579289468918528,4851619769.377024,1.0
gams,20,18,18,15,11,14.500160871332039,4007087446.043958,39.84865102775796,16.64026656298986,14.500160871332039,4007087446.043958,0,0,0,0,0.0,0.0,,0.0,0.0,0.0,18,18,15,11,14.500160871332039,4007087446.043958,39.84865102775796,16.64026656298986,14.500160871332039,4007087446.043958,1.0
gams,21,29,29,29,29,41.13287118559451,10411855374.787098,33.02629651763393,28.999206365464445,24.31601309027034,6862131393.011929,0,0,0,0,1.6445082568927545,25972605.3050237,35.65067011776016,25.828134781632347,1.1493178219026725,19345077.902455863,29,29,29,29,42.77737944248727,11457256391.913311,33.127186383044716,29.01799615081237,25.46533091217301,7605614244.835025,0.5379889224465987
gams,22,17,17,17,17,17.623446251571117,3435316503.3472795,35.05059911581541,16.649524217048725,13.902354905944266,2398045158.886841,5,3,1,0,1.9129710686778423,315458572.0142268,41.9974807752825,4.400596864254918,1.434941290515264,176146065.79584813,18,17,17,17,19.53641732024896,4842618759.456165,35.73082535250187,16.960082580020515,15.33729619645953,3201270912.0734167,0.7638365775834133
gams,23,6,6,6,6,7.319176862450786,3542729360.208952,44.54673983578674,5.995165941186981,7.319176862450785,3542729360.208952,13,13,13,13,11.345230695230653,2830532007.6873007,39.00611431921107,12.963513707368909,11.345230695230653,2830532007.687301,15,15,15,15,18.664407557681436,10057307155.839275,41.178849669052674,12.92091715340634,18.664407557681436,10057307155.839275,1.0
gams,24,12,12,11,6,9.08446999754486,2145315684.7854462,39.552783577815966,11.384594593455589,3.064265238369291,227644299.08393836,41,6,0,0,8.005511358281197,185332510.77113426,27.169587799204358,40.09680488321052,3.3445088917994017,48026453.211471185,41,18,12,10,17.089981355826055,3295163712.234127,33.75208594137883,23.88445041621828,6.408774130168693,380364259.5998368,0.3526987272091381
gams,25,25,24,18,12,18.063616071583063,2877610335.4835653,35.18346725049671,21.538246291961396,18.063616071583063,2877610335.4835653,2,2,2,2,2.299238388028414,213209697.20961678,31.476303573236223,1.995517902031136,2.299238388028414,213209697.20961678,25,24,18,12,20.362854459611476,3431417649.955329,34.76487893055523,18.82097454897257,20.362854459611476,3431417649.955329,1.0
gams,26,17,17,17,17,24.02591422646798,9167820188.605028,39.15509295745048,16.982641296343786,24.02591422646798,9167820188.605026,33,24,0,0,9.807323337810004,574395979.2139816,32.622404451327604,31.266292494126102,9.807323337810004,574395979.2139816,33,24,17,17,33.83323756427798,14049258434.674494,37.26144655949574,21.29675604822205,33.83323756427798,14049258434.674494,1.0
gams,27,4,4,4,4,3.5059612883142037,1533346117.393969,44.50236933703376,3.999900354792502,3.5059612883142037,1533346117.393969,13,13,11,7,9.87926672955382,899004196.8331856,31.8513773837021,12.120708822912924,9.87926672955382,899004196.8331856,17,17,15,11,13.385228017868023,2432350314.2271547,35.16502194679411,16.10415980721613,13.385228017868023,2432350314.2271547,1.0
gams,28,26,26,26,19,23.28926363955655,2685592965.543116,30.480986254533896,24.94098459289784,7.59785347674252,162815193.16092968,19,19,12,0,10.387525195749381,1831520085.1312115,39.27946514637567,17.836652716040167,1.3547664152390997,20876435.508392118,30,30,30,23,33.676788835305935,7351549910.124382,33.19485608399518,27.401331681784082,8.95261989198162,235788592.2045483,0.30716172103157197
gams,29,3,3,3,2,2.819046591919809,1484761590.5189512,44.88392424799285,2.7819211366899776,2.819046591919809,1484761590.5189514,34,32,28,22,29.141628585857468,5513473496.787428,33.244078903298565,29.402803132569765,29.141628585857468,5513473496.787428,34,32,28,22,31.960675177777276,9499668293.808857,34.270755159883095,27.944401110127775,31.960675177777276,9499668293.808857,1.0
gams,30,20,20,20,20,22.52496457383488,6312164962.168352,37.7560599424469,19.95153132884298,22.52496457383488,6312164962.168352,38,35,19,0,17.569757144470596,1640962512.0240445,31.277665065977693,35.17340986330313,17.569757144470596,1640962512.0240445,38,35,20,20,40.09472171830548,14197789906.533768,34.917186899126094,26.83283888484084,40.09472171830548,14197789906.533768,1.0
gams,31,18,16,12,9,11.839694183558994,3053267364.9102573,40.38051298132924,15.504521231888102,11.839694183558994,3053267364.9102573,21,18,7,0,8.785812982560428,1084905047.1787093,38.17256611069653,19.35581107719975,8.785812982560428,1084905047.1787093,21,19,17,14,20.62550716611942,7658543205.237818,39.43999752517242,17.443342122218798,20.62550716611942,7658543205.237818,1.0
gams,32,14,14,14,14,17.880552584083155,6941839938.993,40.59677697773526,13.991799986628868,10.944419723602904,2408372120.0012016,16,14,10,6,10.335339544427068,1891332509.1125503,37.5192205553572,13.027706275933651,7.319305471229745,862346884.1715155,18,17,15,14,28.215892128510227,14701670446.940819,39.46948352029147,14.91917715246589,18.26372519483265,5701552953.621793,0.6847657922986464
gams,33,10,10,10,7,9.763654374682455,3862353739.5883174,43.23671185894155,9.352464233544925,9.763654374682455,3862353739.5883174,0,0,0,0,0.0,0.0,,0.0,0.0,0.0,10,10,10,7,9.763654374682455,3862353739.5883174,43.23671185894155,9.352464233544925,9.763654374682455,3862353739.5883174,1.0
gams,34,9,9,7,5,6.4528747182337,1435258612.644816,38.991659989677665,7.7413064037710955,4.619191953073245,719065770.9277434,0,0,0,0,0.0,0.0,,0.0,0.0,0.0,9,9,7,5,6.4528747182337,1435258612.644816,38.991659989677665,7.7413064037710955,4.619191953073245,719065770.9277434,0.7168558197322845
gams,35,38,35,31,24,33.16484952244789,5132028954.113738,30.99773217201218,32.49334613024131,33.16484952244789,5132028954.113738,2,0,0,0,0.3367045843092291,3346016.7521665436,31.953381351119212,2.8911650535706688,0.3367045843092291,3346016.7521665436,38,35,31,24,33.50155410675712,5217802267.118206,31.007336844636363,32.21618879397227,33.50155410675712,5217802267.118206,1.0
gams,36,19,19,19,19,16.577582214652086,3547503330.3982067,38.03230599088448,18.999195910830277,12.866585307054265,2577350844.2570896,39,39,39,39,42.34429606647195,6624365436.992199,28.64501456151108,38.78926850580821,19.349998249309976,4369442379.315695,39,39,39,39,58.92187828112403,19366433131.02008,31.28611494702255,35.159301849352765,32.21658355636424,13613942161.696686,0.43570511652022387
gams,37,3,3,3,3,2.429235676636725,322488623.7509248,35.00040004945548,2.993530340492542,0.8662035601715727,40344201.248593144,25,25,22,15,21.254730119523494,4528770774.00876,36.16136897535715,22.41645524552593,8.892849070244988,529827859.34256655,25,25,22,15,23.68396579616022,5787588712.375711,36.0422897992369,20.187718591261042,9.759052630416562,686306663.5170734,0.46910681483507277
gams,38,18,17,14,8,12.912707583356562,3162499286.680155,39.580526885064224,15.9980279348159,5.83749648109655,530888899.6373169,0,0,0,0,0.0,0.0,,0.0,0.0,0.0,18,17,14,8,12.912707583356562,3162499286.680155,39.580526885064224,15.9980279348159,5.83749648109655,530888899.6373169,0.49462253860325933
gams,39,22,22,21,5,14.482310395065532,1479053998.8835807,32.59749353020265,21.557104146492733,14.482310395065532,1479053998.8835807,10,0,0,0,2.4397122287433533,207738511.57617342,42.50258293919363,9.999840580245335,2.4397122287433533,207738511.57617342,26,22,21,11,16.922022623808886,2232304215.115172,34.02554786478977,23.726443964859126,16.922022623808886,2232304215.115172,1.0
gams,40,36,33,23,14,22.969214677017856,2311126987.473713,30.645187808307643,30.187274475599303,13.422784887831686,1093776181.332758,21,21,21,21,24.102033925046364,7210490521.560225,37.64577142068763,20.73803750896604,15.91104526875972,2563805854.594494,36,33,28,23,47.07124860206422,16612771641.64714,34.22971782889662,27.51920748673153,29.333830156591404,6659959688.121481,0.4667330907685112
gams,41,38,38,38,28,30.146294502001997,3578902582.5088835,29.200626376703458,37.7593612796633,30.146294502001997,3578902582.5088835,29,15,0,0,7.454853309964081,566762990.5844018,35.932743992963005,25.805973120674153,7.454853309964081,566762990.5844018,38,38,38,29,37.60114781196608,6922728715.712009,30.535344921616296,36.637948133602926,37.60114781196608,6922728715.712009,1.0
gams,42,18,18,18,14,15.169618358293071,3570474473.5728307,39.06630347336992,17.7880134487746,15.169618358293071,3570474473.5728307,20,18,12,8,12.176721984325994,1662561065.1882584,35.517869267977325,16.550106084751118,12.176721984325994,1662561065.1882584,22,21,18,18,27.346340342619065,9054897891.485634,37.48626401443733,18.942558862379162,27.346340342619065,9054897891.485634,1.0
gams,43,37,37,33,25,32.52593841210004,4560026620.610521,30.427177295111765,34.11947994252413,32.52593841210004,4560026620.610521,0,0,0,0,1.5488027352009688,9308857.465217523,29.388797110342153,36.73705044934256,1.5488027352009686,9308857.465217523,37,37,34,27,34.07474114730101,4977868679.198431,30.3799796931286,34.28876881863924,34.07474114730101,4977868679.198431,1.0
gams,44,10,10,8,3,6.630770037204465,1672440163.1035306,43.073242144486095,9.611663911925639,6.630770037204465,1672440163.1035306,0,0,0,0,0.0,0.0,,0.0,0.0,0.0,10,10,8,3,6.630770037204465,1672440163.1035306,43.073242144486095,9.611663911925639,6.630770037204465,1672440163.1035306,1.0
gams,45,41,41,41,41,49.61794339660394,8070890075.348605,27.742820254608773,40.517631795045475,23.110515398326285,4096253332.6712713,0,0,0,0,0.0,0.0,,0.0,0.0,0.0,41,41,41,41,49.61794339660394,8070890075.348605,27.742820254608773,40.517631795045475,23.110515398326285,4096253332.6712713,0.4365784980156326
gams,46,19,19,19,19,18.157920781894273,4294733328.6364975,38.045271597189625,18.95474441203905,5.85375507400268,335565468.7884149,2,2,2,2,2.22851358628209,437307664.1551213,35.48782578443654,1.9988150103198248,0.6911502682440783,41586268.96342303,19,19,19,19,20.386434368176364,5508448386.583649,37.76570810722508,17.12551822517469,6.544905342246759,450711395.99669665,0.32539275441433785
gams,47,29,29,29,29,33.17660891578456,6797347142.443484,33.1980855914273,28.533584345668164,20.59297153228384,4362538933.783935,3,1,0,0,0.5595812410034153,37973716.02764313,41.09781185554272,2.7094809181464456,0.49583473107927334,29694315.66415229,29,29,29,29,33.73619015678798,7260169582.287457,33.329118129657516,28.471634847315684,21.088806263363114,4724285184.736931,0.5971211923768143
gams,48,18,18,18,18,19.389651113071466,3349492698.59178,33.44338371147482,17.841461667809583,12.807551862427434,2114550716.735229,17,15,12,9,12.105910378238077,3674403701.7575254,41.019978390449374,14.042732881224103,10.407952356402951,2899818268.6779704,23,23,23,23,31.49556149130954,10642129715.560009,36.35559012447082,21.428370853991442,23.215504218830386,8027562384.818256,0.6953643876259432
gams,49,6,6,4,2,4.0624995245467055,274988303.36456525,29.577702267936136,5.242877877736521,4.062499524546705,274988303.36456525,0,0,0,0,0.0,0.0,,0.0,0.0,0.0,6,6,4,2,4.0624995245467055,274988303.36456525,29.577702267936136,5.242877877736521,4.062499524546705,274988303.36456525,1.0
gams,50,32,32,32,23,26.906871478539557,4539587243.126135,32.749470791915265,31.39241391335032,26.906871478539557,4539587243.126135,31,31,31,31,36.476893482510384,7161998195.899088,32.09615714229205,30.923092356876666,36.476893482510384,7161998195.899088,32,32,32,31,63.38376496104994,23046924368.641567,32.37349356142698,31.367109561950134,63.38376496104994,23046924368.641563,1.0
gams,51,15,15,13,9,12.71758321149153,4093460957.2800198,41.26275994578609,13.7464227535854,12.71758321149153,4093460957.2800193,23,23,23,0,16.535257160706955,2673330253.060108,36.17781556312905,22.98001349076229,16.53525716070696,2673330253.060108,23,23,23,15,29.252840372198484,12775617379.709919,38.38847963846128,20.203267466902904,29.252840372198484,12775617379.70992,1.0
gams,52,17,17,13,6,11.223784155768492,2354245059.343013,39.423393558004264,15.57993431006739,1.6663340981028796,41327407.982125536,18,18,18,15,16.06708802047862,4184048299.866211,39.15868152444747,17.65366837481179,2.536034003915037,73931929.4993711,18,18,18,17,27.290872176247113,12646757419.44351,39.26754835394594,17.10627498365936,4.202368102017917,220818674.97528255,0.16633835846427927
gams,53,22,22,22,16,18.944903472705313,4255514741.6891346,37.30742150430835,21.278206551994625,2.345422364166976,41078524.21659492,39,27,0,0,10.81215928626172,515624255.78370744,30.146965984277195,36.594997053144596,2.7575461780937944,12771512.645151045,39,27,22,22,29.757062758967038,7643881471.786646,34.70568670703105,27.23239538848488,5.10296854226077,87787680.11034419,0.2736921173926657
gams,54,37,32,23,7,20.312380148900175,2248629997.0073595,31.890609830602106,32.51381796874728,11.250606351026445,1502773544.2518024,24,24,24,0,12.183213933546714,1303474900.2895634,35.50013005318633,23.999999990828975,8.12384380968826,893007998.5531893,37,32,24,24,32.495594082446885,6918417416.068602,33.24388735362979,29.8587677572651,19.374450160714705,4686116966.796164,0.44029962914105414
gams,55,25,25,24,18,22.19826563043668,4612186539.442504,35.841176568616156,23.71342980922674,22.198265630436683,4612186539.442504,2,2,2,2,2.2735775863954393,725098737.0304751,39.488791415447466,1.9989954458766839,2.2735775863954393,725098737.0304751,25,25,24,18,24.47184321683212,6755451802.916113,36.18006135494295,21.069464471142663,24.47184321683212,6755451802.916113,1.0
gams,56,8,8,8,6,8.236303430746293,3668300111.267414,44.170133121099916,7.317315054559001,6.181224454394264,2050758222.3564696,12,12,10,6,9.383372866165232,2741994475.225933,41.43451153852736,11.128554485614558,7.967557398387554,1947011947.7272878,12,12,11,9,17.61967629691152,11524800131.441174,42.7132756341944,10.350148366955821,14.148781852781816,7118375020.197109,0.8397468731556711
gams,57,25,25,20,15,21.75315779903687,6438344272.373001,37.84279693448304,21.545949000073623,21.75315779903687,6438344272.373001,23,0,0,0,3.8236092150930316,79471392.15980181,31.600130584103006,26.470823929319906,3.823609215093031,79471392.15980183,27,25,23,18,25.576767014129906,7684162799.7242565,36.909546982646766,23.485099381968404,25.576767014129906,7684162799.7242565,1.0
gams,58,9,9,9,7,7.524423234513417,583018121.8711354,29.00697117816709,8.90611506029158,7.524423234513417,583018121.8711354,28,28,28,28,29.595425649807197,4843726320.826767,31.542770858891107,27.49609852245477,29.595425649807197,4843726320.826767,28,28,28,28,37.11984888432061,7077410429.633073,31.028748560600697,24.493192262255587,37.11984888432062,7077410429.633074,1.0
gams,59,38,35,26,12,23.1741218321206,3051122937.8570433,31.84289914883628,33.9109719809654,23.1741218321206,3051122937.8570433,18,0,0,0,2.246604055682596,45816317.392657146,33.93419067522849,18.81590507234338,2.2466040556825955,45816317.392657146,38,35,26,17,25.4207258878032,3731429751.063628,32.02772093738566,32.96733507017664,25.4207258878032,3731429751.063628,1.0
gams,60,34,34,34,34,36.386448223658164,6768705022.273491,31.459647650517425,33.40771954773324,19.554141467756743,2576871314.194335,46,46,17,0,21.763702002631685,1186887617.5672393,25.282417205861048,45.21119749235006,8.864695410066387,459353495.5249572,46,46,34,34,58.150150226289846,13596821395.734123,29.147712048013947,39.026322517511005,28.418836877823132,5202700019.464518,0.3780608062619031
gams,61,30,30,30,30,32.29729907877057,5958498176.832661,32.53485191967111,29.964285755095453,16.3933882379249,1355297542.6415694,37,37,37,37,34.59690413767395,4535244591.787342,29.04744016771885,36.99539249259362,14.767479014033354,1012431759.3943696,37,37,37,37,66.89420321644452,20879489704.989933,30.731203109018566,35.01157120404384,31.160867251958248,4709867033.277082,0.42440284546724955
gams,62,22,22,22,21,20.117561329007593,4084372490.825493,35.57589602159404,21.720493001838157,20.117561329007593,4084372490.825493,16,11,0,0,5.021596197073891,552027337.37668,40.3415329516515,15.185721233360344,5.021596197073891,552027337.37668,23,23,22,21,25.139157526081483,7364045582.035585,36.52784137854498,21.696793602109096,25.139157526081483,7364045582.035585,1.0
gams,63,32,32,32,32,32.50362275124142,5217022837.682651,31.554903313976048,31.698621822192987,32.50362275124142,5217022837.682651,17,11,0,0,4.933196309329522,473689110.8210207,39.82606322596338,16.6781863907308,4.933196309329522,473689110.82102066,32,32,32,32,37.43681906057095,8496794176.380188,32.64482645850584,31.314021861596373,37.43681906057094,8496794176.380188,1.0
gams,64,30,30,30,30,33.719446994507095,6667945650.775025,32.653889667378714,29.977811349785455,14.624779605594906,882312164.4388962,36,36,36,36,29.12962884629374,3451604856.019282,29.6488832937614,35.98454256814288,11.283446241731252,463669648.506813,36,36,36,36,62.84907584080083,19706531953.36458,31.26111309631269,33.91361952093353,25.908225847326158,2624814932.8239174,0.385790756741221
gams,65,31,31,31,31,39.02240900013709,8129799337.71074,32.008465332743626,30.978905148686135,17.555537515156054,1261982606.5703773,38,38,38,0,22.68191501455004,1864628234.2978,28.68290247303329,37.94642798026966,8.82925304375027,291857109.5477035,38,38,38,31,61.70432401468712,17778693268.863327,30.78602046580789,34.63739791515282,26.384790558906325,2767520580.8896894,0.38274697740441715
gams,66,26,26,26,26,35.936200973743965,9603330203.809769,33.503716093090404,25.97336150201653,13.417038256787094,684013313.3371589,0,0,0,0,3.617033691420916,40973523.586868376,27.155787300366526,40.98610990250209,1.1341933797827797,3018027.995592489,26,26,26,26,39.55323466516488,10890809721.511278,32.923215597785905,27.71050393027912,14.551231636569874,775587665.8755977,0.31207127391343753
gams,67,4,3,2,1,2.3695397970543426,498068794.17197204,40.303036714077315,3.3766607778598634,2.0975996924360993,389786750.47120166,0,0,0,0,0.0,0.0,,0.0,0.0,0.0,4,3,2,1,2.3695397970543426,498068794.17197204,40.303036714077315,3.3766607778598634,2.0975996924360993,389786750.47120166,0.8796588790518488
gams,68,5,5,5,5,4.153217394844244,1649250708.9337547,44.00221770482295,4.994224205884743,4.153217394844244,1649250708.9337547,9,9,7,0,5.250102940430376,1245067544.9021635,43.43156597209445,8.673500450575377,5.250102940430375,1245067544.9021635,9,9,7,5,9.403320335274621,5542640821.099137,43.68360893333179,7.294197588240271,9.403320335274621,5542640821.099136,1.0
gams,69,26,26,26,26,27.19070438119828,5630346248.218246,34.57477524730378,25.994210480647567,27.19070438119828,5630346248.218246,7,5,1,0,2.5007191679808902,333772794.45568424,44.5212107692471,6.6732027316756195,2.5007191679808902,333772794.4556842,26,26,26,26,29.69142354917917,7917186286.951829,35.412500050953255,25.465472369727138,29.69142354917917,7917186286.951829,1.0
gams,70,23,23,23,23,24.545633936681675,5759391752.865909,36.052809416416345,22.996599064948313,24.545633936681675,5759391752.865908,8,7,5,0,3.9517935342396617,867905282.1115525,44.1022110157473,7.355426292029713,3.9517935342396617,867905282.1115525,23,23,23,23,28.497427470921338,9948923705.870216,37.16903554690453,22.076897277832312,28.497427470921338,9948923705.870216,1.0
gams,71,7,6,4,3,4.076789598016997,1167762848.4480343,44.88412799765278,5.7452216925132005,2.8917399444685103,590308201.8000529,0,0,0,0,0.0,0.0,,0.0,0.0,0.0,7,6,4,3,4.076789598016997,1167762848.4480343,44.88412799765278,5.7452216925132005,2.8917399444685103,590308201.8000529,0.7460082704899024
gams,72,31,31,31,31,42.28402990189696,9631921559.133272,32.02340135529688,30.99765419562202,42.28402990189696,9631921559.133272,34,34,34,17,25.207424536961234,3053375656.313299,31.022406685706216,33.81289823791143,25.207424536961238,3053375656.313299,34,34,34,31,67.4914544388582,23522327019.367256,31.649539244820872,32.52490498057099,67.4914544388582,23522327019.367256,1.0
gams,73,7,7,5,1,4.094281002961546,1131753722.0546548,44.386451666606206,6.4361611148527755,3.4460796617876235,807312002.0171659,0,0,0,0,0.0,0.0,,0.0,0.0,0.0,7,7,5,1,4.094281002961546,1131753722.0546548,44.386451666606206,6.4361611148527755,3.4460796617876235,807312002.0171659,0.8573020644176664
gams,74,20,20,20,15,18.777849400493334,2944536214.029387,33.574474491349584,19.033296937020506,9.35667567410286,581065626.027811,43,43,0,0,18.99645001619823,1006016717.9114841,26.13047842299613,42.95022611371954,6.622395535208177,166622861.95379227,43,43,20,20,37.77429941669157,6745388001.516578,29.830937181144243,32.47459551361914,15.979071209311037,1317577148.314429,0.3407023819981254
gams,75,27,27,27,27,36.54434606489991,5812244578.641566,28.997723509153193,26.999673071101885,10.69378967927279,189709264.86368328,39,39,39,17,28.99189123965892,2889567263.3257,28.21667850687707,38.91668796126669,7.090015921063081,61012727.97868523,39,39,39,27,65.53623730455882,15258324667.291502,28.652205171656373,33.900488588035934,17.783805600335874,462643800.62157536,0.2455589481498236
gams,76,11,11,11,6,8.513186310368063,1494248904.6391132,37.10549903018084,10.638702534144604,8.513186310368063,1494248904.639113,12,10,7,3,6.738180163233617,1662632850.314723,42.771546872714026,10.506356305556023,6.738180163233617,1662632850.3147228,16,16,16,11,15.251366473601678,4401224806.441318,39.60880594648718,14.943902754642234,15.251366473601678,4401224806.441318,1.0
gams,77,4,4,4,4,4.389570854210852,2192717541.610353,43.496103294376816,3.996185622193307,4.389570854210852,2192717541.6103535,18,18,18,12,15.3831927668789,4296808543.690372,39.781020881408956,16.958735641130104,15.3831927668789,4296808543.690372,18,18,18,12,19.77276362108975,10786928516.968006,40.605772433263915,13.87889642972403,19.77276362108975,10786928516.968006,1.0
gams,78,36,36,36,36,39.24743446308807,6177870341.545246,29.539763273711642,35.99859130976766,18.921818066400093,2151231898.6631517,4,1,0,0,0.8272046479317946,92511907.55891377,44.40482019471169,3.6570376666089963,0.39029547506615864,20627244.79261586,36,36,36,36,40.07463911101986,7163449689.941396,29.846601824216282,35.86511243776519,19.31211354146625,2369295519.1255636,0.48048096459248135
gams,79,20,20,20,11,15.428168165920738,3134786737.298543,37.99451392337379,19.63489107648654,15.428168165920738,3134786737.298543,2,0,0,0,1.4449670927421838,34465589.028453134,38.97485509906802,18.33112733303711,1.4449670927421838,34465589.028453134,20,20,20,15,16.87313525866292,3818887655.2039013,38.07846754057787,19.596520916369016,16.87313525866292,3818887655.203901,1.0
gams,80,23,23,23,23,24.28981178923729,3400428417.5310707,30.963388036781573,22.90275710864699,15.364485437408597,1563602618.5582755,40,35,0,0,12.929861708894194,652254473.9571548,28.977661887606214,39.00777144321806,6.1899425158320005,243960480.2188197,40,35,23,23,37.219673498131485,6453097119.053625,30.273560263255792,29.22259626674432,21.554427953240594,2900658885.721721,0.43414464573827205
gams,81,23,23,23,23,21.417839175080164,4366204981.563252,36.029498391652204,22.997459129474315,21.417839175080168,4366204981.563252,2,0,0,0,0.30918847683017153,17679575.899452977,44.62906984291586,2.7617376393269324,0.30918847683017153,17679575.89945298,23,23,23,23,21.72702765191034,4676216567.0773535,36.151875388681276,22.965397699835126,21.72702765191034,4676216567.0773535,1.0
gams,82,25,25,25,25,25.41113144903181,5277738960.587699,35.036170129357295,24.99899702883274,25.41113144903181,5277738960.587699,11,10,0,0,3.8080677488966095,522145955.70162976,42.23693300894165,10.379594868235856,3.8080677488966095,522145955.70162976,25,25,25,25,29.21919919792842,8578613430.4161,35.97462818576909,24.38757904205096,29.21919919792842,8578613430.4161005,1.0
gams,83,36,36,36,36,47.29786025262017,9019334619.753565,29.66493826061916,35.94307585409627,23.324538209083332,5400059840.48591,41,41,0,0,16.893691980369667,878594009.1901774,27.0043072494805,40.99994768122972,7.208717746605622,523721228.13151664,41,41,36,36,64.19155223298984,15525715918.554115,28.964723369219538,38.08657721785772,30.533255955688958,9285998453.796547,0.426555189352352
gams,84,37,37,37,23,29.957662483582887,3452398059.1702795,29.594717721663027,35.62098893152313,29.957662483582887,3452398059.1702795,46,46,46,4,30.348861173425895,2331120546.14612,25.194760078764258,45.526850720462356,30.348861173425895,2331120546.14612,46,46,46,37,60.30652365700878,11433694840.476255,27.380467992516678,41.817767688530544,60.30652365700879,11433694840.476255,1.0
gams,85,28,28,28,28,32.43593999519536,6938701571.376074,33.536752056740674,27.99809779794736,32.435939995195355,6938701571.376075,10,8,6,3,5.6891622099536745,1597839326.301124,43.61858803758263,8.36762347089889,5.689162209953675,1597839326.301124,28,28,28,28,38.125102205149034,13634929009.338047,35.04119917823353,26.60722563139598,38.125102205149034,13634929009.338047,1.0
gams,86,22,22,22,22,22.394822497550273,5601506832.0728855,37.00331445365551,21.817722178048214,11.286740849377894,1010490596.7145782,32,32,32,31,28.118377366331956,4446363903.879163,32.1572767420152,31.79796073019457,13.356210393258877,885864563.0470738,32,32,32,31,50.51319986388222,19835473372.128796,34.30574792699388,28.612183024042192,24.64295124263677,3734698791.850136,0.4734619322217324
gams,87,38,38,38,38,52.05832269317819,9865576014.615494,28.64979588315961,37.98186639226554,20.716043757163536,1745707182.086516,46,46,46,46,47.10432433855439,5450131579.66412,24.68046688240917,45.958283007563026,15.714646834567588,994330414.4360734,46,46,46,46,99.16264703173258,29979579758.07251,26.764281869017303,43.25697965200545,36.43069059173112,5374553923.634031,0.3263068572277041
gams,88,38,38,38,38,43.88749653410562,7366248619.177232,29.215531410068923,37.44745981408409,14.67416458588716,523572196.91693544,45,45,45,45,56.80444052158708,8394536938.65097,25.305121693532588,44.916525632987145,16.26845380200966,592947654.601737,45,45,45,45,100.69193705569272,31467454388.94684,27.009509332698766,42.97618791811805,30.94261838789682,2229501800.215054,0.2796736711636797
gams,89,33,33,33,32,36.85350602166737,7141340412.199515,31.858286737794657,32.09423785141487,15.337109238354282,957029388.6785415,42,42,42,42,57.70410305864318,9860321822.837757,26.59962482422429,41.993327772447024,19.18463640022678,1309418887.3939123,42,42,42,42,94.55760908031056,33699250381.822227,28.64917039102345,39.999278265189496,34.52174563858105,4496066568.420073,0.3302380056593218
gams,90,43,43,43,43,57.535491459708396,9316197244.783394,26.162670411934883,42.96177431555151,21.701410155598712,2283594897.323034,45,45,45,45,46.317139344779534,5522935586.317015,25.219926317495894,44.93995517857986,16.81438847618028,1362751137.8749163,45,45,45,45,103.85263080448794,29185079099.188026,25.742216839884282,44.24917300981824,38.515798631778985,7174447934.564712,0.3539549225282999
gams,91,40,40,40,35,41.36242932162308,5996286642.661762,28.64652854209964,38.19774599871459,15.609459020498996,919527807.7116059,41,41,41,34,41.91712605400786,6806313997.474995,29.06368948035522,38.754608160433186,15.310051509798912,900967156.4169077,41,41,41,40,83.27955537563095,25551240653.91201,28.85649829463729,38.58803364155194,30.919510530297913,3636017036.1206665,0.33032617449507534
gams,92,35,35,35,35,46.896240858159146,10240504258.040161,30.62227601437219,34.83247490184134,19.446835577631106,1582044680.9539735,38,38,38,38,46.93697896089631,7642366496.265228,28.544239002487732,37.79643843372331,18.71496272995958,1394384284.804935,38,38,38,38,93.83321981905547,35518534920.66012,29.582806414001755,36.920532449920294,38.16179830759069,5933889916.389797,0.3832238524876124
gams,93,38,38,38,38,49.99525733619442,9756537984.2347,29.077744227560032,37.86418856139293,16.54398528114777,658218505.7693993,43,43,43,22,32.28562894129858,2959775290.5359597,26.212961214488335,42.95853463673182,9.69926196204559,215372007.91381407,43,43,43,38,82.28088627749301,23459524862.698166,27.95365179805653,40.791437795325294,26.243247243193363,1626092537.4801016,0.2961359093418716
gams,94,16,16,16,16,18.289734185671957,5717202914.409262,39.500662322921336,15.999973961586324,18.289734185671954,5717202914.409261,8,5,0,0,2.5564104059112456,338021050.4264434,44.22270860437768,7.32792129961724,2.5564104059112456,338021050.4264434,16,16,16,16,20.846144591583204,8261775054.920792,40.07973766215617,15.721054970748446,20.846144591583204,8261775054.920792,1.0
gams,95,37,37,37,37,46.95001637616249,8463297875.368513,29.166332965508353,36.97039075636518,20.590114477188557,2068760928.5387537,34,34,0,0,11.609996967435745,606079241.5039384,30.806858923484405,33.42225941204161,5.736240573618271,164367758.8143086,37,37,37,37,58.560013343598236,13580905996.75756,29.491580524544027,36.73492234292292,26.326355050806825,3395300248.1899843,0.4323417297379891
gams,96,43,43,43,43,49.703803183431944,7362781458.377157,26.704491181261936,42.66504466499229,49.703803183431944,7362781458.377157,42,42,42,42,48.39197511576052,7154310835.631482,27.16886194292289,41.47244388137255,48.39197511576052,7154310835.631482,43,43,43,43,98.09577829919246,29026459958.66296,26.933571563031734,42.244577879237376,98.09577829919246,29026459958.66296,1.0
gams,97,26,26,26,26,29.26274119276176,6199950229.810373,33.522826114231755,25.73452600313057,18.463811423120777,2403984368.0950413,47,47,47,37,36.783927601944775,3208390312.605474,24.327580936823555,46.88930500694381,14.019395781055401,1161506332.4358246,47,47,47,37,66.04666879470653,18243805557.299503,28.401640760595512,39.87831480702152,32.48320720417618,6896279250.8922,0.3697324515428394
gams,98,19,17,12,6,11.450296445543069,2588568359.261983,39.89794317007992,16.48670956619366,4.290225970024871,274360035.98985416,0,0,0,0,0.0,0.0,,0.0,0.0,0.0,19,17,12,6,11.450296445543069,2588568359.261983,39.89794317007992,16.48670956619366,4.290225970024871,274360035.98985416,0.45546403630307797
gams,99,35,35,35,35,38.243427745502395,6216269594.168059,30.171012503790838,34.90320338897561,14.829405692587011,756655472.1813986,42,0,0,0,6.279415554763935,114952024.18661168,26.626309516256793,41.93870039142156,2.068477272146334,14249013.15982357,42,35,35,35,44.52284330026634,8021588985.184681,29.67107446239431,36.42630495847947,16.897882964733345,978519974.8399754,0.32127491388114865
gams,100,31,31,31,31,41.18784777390525,9217040456.499073,32.07495253875263,30.994044125854856,41.18784777390525,9217040456.499073,45,45,45,45,47.76060883855329,5844794960.8252945,25.087968653371643,44.99013536482563,47.76060883855329,5844794960.8252945,45,45,45,45,88.94845661245856,29735112289.27566,28.323312352741606,40.88613384773814,88.94845661245854,29735112289.27566,1.0
gams,101,30,30,30,30,34.126637296858554,7540335127.115143,33.33248827843071,29.380789262482885,34.12663729685856,7540335127.115143,41,35,0,0,12.59895685034429,511635566.5202741,27.833961708642498,39.96052292146113,12.59895685034429,511635566.5202741,41,35,30,30,46.72559414720284,11950920565.876917,31.849881149348747,32.980028000950426,46.72559414720284,11950920565.876917,1.0
gams,102,40,40,40,33,37.681932751887004,5693944920.22167,29.193342678503512,38.71761047556957,15.225516562776676,1081607578.4176016,41,38,0,0,14.397377308330693,632321547.1149272,27.597278172436045,39.55109607942835,5.882611795539246,153320878.28107303,41,40,40,40,52.07931006021769,10086405936.416676,28.75210905087447,39.18102699956322,21.10812835831592,2039660319.8560877,0.36413352302493956
gams,103,42,42,42,42,47.435599414063674,6633762023.425453,27.054413287938374,41.235994922309395,13.006897238076043,255422041.63462856,46,46,46,46,43.610199574438056,4905070218.076993,25.276670336376384,45.554209508195456,10.997984616840181,172399545.52559406,46,46,46,46,91.04579898850173,22933967463.419502,26.202888826941987,43.88962699467901,24.004881854916224,847272039.605752,0.2442262809497904
gams,104,31,31,31,27,28.51743351547374,5404609893.497503,33.21447199490028,30.405897909866987,28.51743351547374,5404609893.497503,9,3,0,0,2.017509319360789,165385136.7395396,43.30394027869339,9.367518535830888,2.017509319360789,165385136.7395396,31,31,31,27,30.53494283483453,7136508857.267207,33.8811048554906,29.63619914150072,30.53494283483453,7136508857.267206,1.0
gams,105,44,44,44,33,37.91473645889967,4476979726.630963,27.106488242700173,42.55396658911824,9.649126186032177,165351845.7967152,39,39,39,39,45.076925830612545,7426643024.094057,28.69506002636834,38.62870593019215,12.126618899378164,260817094.819601,44,44,44,39,82.99166228951222,23427250428.042946,27.969321092332866,40.875776325095195,21.775745085410342,841304638.3634697,0.24556455812018377
gams,106,43,43,43,43,53.15441920070248,8236484866.886103,26.66154633549673,42.53934387045995,13.986186665122613,279579590.63487035,45,45,45,45,46.74237080170902,5782380061.20006,25.805242131080515,44.233146208701044,12.11873994294749,210612583.08476686,45,45,45,45,99.8967900024115,27816494056.99972,26.260875917148763,43.58879088888598,26.1049266080701,975406530.8426204,0.24750365381958067
gams,107,45,45,45,45,55.88722746252844,8069580792.176956,25.39955284266554,44.778977197784016,12.742281230917627,183535914.69858968,34,34,34,24,29.260834405779768,3649385890.662303,30.54143495626669,33.03585259822873,7.373594655010036,85287047.05511218,45,45,45,45,85.14806186830822,22506602404.044342,27.16654269256749,42.37971095510232,20.11587588592766,517811121.20576787,0.22306404447022904
gams,108,7,6,5,3,4.552328294904122,1366694755.7770069,44.75646236820375,6.0553668471032775,2.7194883466567847,486340563.39763284,0,0,0,0,0.0,0.0,,0.0,0.0,0.0,7,6,5,3,4.552328294904122,1366694755.7770069,44.75646236820375,6.0553668471032775,2.7194883466567847,486340563.39763284,0.639149896003405
gams,109,43,43,43,43,49.86957540633195,7238815862.530789,26.61181560232003,42.623465567680384,14.134592801249175,370994836.8720262,47,47,47,38,44.495876930100884,5038447066.8636055,25.54430329604127,44.84463041441154,12.604956986094573,305140178.575292,47,47,47,43,94.36545233643282,24312116787.750618,26.10845452021341,44.05800901610503,26.739549787343748,1347637660.7152758,0.25291821086125954
gams,110,41,41,41,36,37.81477231062156,4623923093.63056,27.80522048116009,40.13389819580784,10.147043891190702,182623780.99634606,45,45,38,25,35.13574788063259,3752644985.1586,27.31780308321548,40.94868847677824,9.412287382052375,166381786.02530217,45,45,41,41,72.95052019125416,16677542063.456451,27.570461705459557,40.777560060332554,19.559331273243075,697028206.7413597,0.24127016443845942
gams,111,39,39,39,39,45.83595726861188,7692923518.886158,28.600345669141536,38.80090543341046,17.516799013047127,1239464827.41656,47,47,45,38,45.9180458319303,5439593770.423412,25.7920893776763,44.0564677808643,16.994989509405727,1169168690.7990623,47,47,45,39,91.75400310054218,25921914577.13108,27.194961307240657,42.118860314361285,34.51178852245285,4789247597.614819,0.30967773484414524
gams,112,43,43,43,43,59.75583844717519,10009565632.774456,26.062862475930732,42.993723780030926,16.475641469050082,560470550.1920552,46,46,46,41,45.820816708271934,5506095380.287923,25.731247547666236,44.608890553120006,12.984087743089095,370769869.7773566,46,46,46,43,105.57665515544713,30278437147.04582,25.918939874638227,44.19712675424872,29.45972921213918,1839670413.7022862,0.2568341388693569
gams,113,34,34,34,34,49.71295329426583,11028792951.02578,29.497789512636004,33.999548364781575,23.425438436230397,2937277539.2766485,40,40,39,26,33.58370449813613,3449301973.0063114,27.839699229727657,37.984593153866726,15.582424489580315,1181619977.4809022,40,40,39,34,83.29665779240196,26542020629.419064,28.829277527062626,36.359647657584965,39.00786292581071,7767350545.278145,0.41105450121917864
gams,114,34,34,34,34,45.793394754887444,8322154519.6577,28.497646717135353,33.99875577636421,12.62574277999055,194557122.74412906,40,40,40,38,44.993536130107756,6742197692.243501,28.28659853002076,38.566258727918914,11.170803582151041,163724823.3987462,40,40,40,38,90.7869308849952,29389557378.11788,28.39305232078812,37.040317888134446,23.79654636214159,712335239.9909121,0.24739063323452962
gams,115,46,46,46,46,65.17314379013942,10429161290.791168,24.57239113193075,45.995468734290235,18.336538962873945,817541771.7805781,38,38,38,27,32.716205907333745,4916462694.804106,30.287602336464158,36.645960691257805,11.017231451875887,343954744.9744108,46,46,46,46,97.88934969747316,29627326169.82395,26.482507269685037,44.64381551454752,29.353770414749828,2216467543.0149636,0.27959851521000073
