number,state,datetime_start,datetime_complete,duration_s,refusals,kl,p.direction_scope,p.direction_index,p.attn.o_proj.max_weight,p.attn.o_proj.max_weight_position,p.attn.o_proj.min_weight,p.attn.o_proj.min_weight_distance,p.mlp.down_proj.max_weight,p.mlp.down_proj.max_weight_position,p.mlp.down_proj.min_weight,p.mlp.down_proj.min_weight_distance,direction_index_eff,abl_params
0,COMPLETE,2026-09-23 16:24:19.223304,2026-09-23 16:24:57.885454,38.66215,99,0.003885915968567133,global,35.28625933815789,1.335652908640471,37.69651585109827,0.7109502662442033,9.111903269991311,0.7424929048243758,28.434746118394052,0.07349923770273847,3.964808604651576,35.28625933815789,"{""attn.o_proj"": {""max_weight"": 1.335652908640471, ""max_weight_position"": 37.69651585109827, ""min_weight"": 0.9495827910077874, ""min_weight_distance"": 9.111903269991311}, ""mlp.down_proj"": {""max_weight"": 0.7424929048243758, ""max_weight_position"": 28.434746118394052, ""min_weight"": 0.054572662504283574, ""min_weight_distance"": 3.964808604651576}}"
1,COMPLETE,2026-09-23 16:24:57.946005,2026-09-23 16:25:36.558987,38.612982,89,0.005705973133444786,per layer,28.453405052387367,1.1354815621704315,34.62115535320629,0.764242165311383,16.41921946254915,0.3653741755405121,45.03475834526613,0.09070927458977673,12.902326746679812,,"{""attn.o_proj"": {""max_weight"": 1.1354815621704315, ""max_weight_position"": 34.62115535320629, ""min_weight"": 0.8677828877442824, ""min_weight_distance"": 16.41921946254915}, ""mlp.down_proj"": {""max_weight"": 0.3653741755405121, ""max_weight_position"": 45.03475834526613, ""min_weight"": 0.0331428264171176, ""min_weight_distance"": 12.902326746679812}}"
2,COMPLETE,2026-09-23 16:25:36.589640,2026-09-23 16:26:16.367396,39.777756,80,0.04353095218539238,per layer,34.71555615856434,1.4775578331732049,34.884543380195495,0.6969754975189398,24.37281080763281,0.006565274291605916,39.729108589729364,0.844673207795607,27.95498704977974,,"{""attn.o_proj"": {""max_weight"": 1.4775578331732049, ""max_weight_position"": 34.884543380195495, ""min_weight"": 1.0298216058889011, ""min_weight_distance"": 24.37281080763281}, ""mlp.down_proj"": {""max_weight"": 0.006565274291605916, ""max_weight_position"": 39.729108589729364, ""min_weight"": 0.0055455112959488, ""min_weight_distance"": 27.95498704977974}}"
3,COMPLETE,2026-09-23 16:26:16.395604,2026-09-23 16:26:56.125135,39.729531,99,0.00618432741612196,global,26.71310013858545,1.0453603630149255,43.08811714273638,0.025295045763543023,7.208090165205651,0.4420294874368681,45.939562830681275,0.8599730716237928,25.95947442584456,26.71310013858545,"{""attn.o_proj"": {""max_weight"": 1.0453603630149255, ""max_weight_position"": 43.08811714273638, ""min_weight"": 0.026442438221856487, ""min_weight_distance"": 7.208090165205651}, ""mlp.down_proj"": {""max_weight"": 0.4420294874368681, ""max_weight_position"": 45.939562830681275, ""min_weight"": 0.38013345605937415, ""min_weight_distance"": 25.95947442584456}}"
4,COMPLETE,2026-09-23 16:26:56.167242,2026-09-23 16:27:35.163692,38.99645,87,0.023213202133774757,per layer,23.64189846648339,1.1596435395178182,37.001544310281716,0.5936196427925672,24.971202538573625,0.7501686670348249,31.002229609718214,0.8836282415397444,5.157938515594083,,"{""attn.o_proj"": {""max_weight"": 1.1596435395178182, ""max_weight_position"": 37.001544310281716, ""min_weight"": 0.6883871836952755, ""min_weight_distance"": 24.971202538573625}, ""mlp.down_proj"": {""max_weight"": 0.7501686670348249, ""max_weight_position"": 31.002229609718214, ""min_weight"": 0.6628702201101964, ""min_weight_distance"": 5.157938515594083}}"
5,COMPLETE,2026-09-23 16:27:35.191019,2026-09-23 16:28:12.880511,37.689492,100,0.0017024590633809566,per layer,18.863406288820105,1.4601656453219194,33.82298020957671,0.4071242335307148,8.121191221355227,-0.19971559904867744,38.52685927279809,0.6640400492774723,9.86309545749661,,"{""attn.o_proj"": {""max_weight"": 1.4601656453219194, ""max_weight_position"": 33.82298020957671, ""min_weight"": 0.594468819179568, ""min_weight_distance"": 8.121191221355227}, ""mlp.down_proj"": {""max_weight"": 0.0, ""max_weight_position"": 38.52685927279809, ""min_weight"": 0.0, ""min_weight_distance"": 9.86309545749661}}"
6,COMPLETE,2026-09-23 16:28:12.933892,2026-09-23 16:28:54.061612,41.12772,91,0.016061611473560333,global,29.901351072329795,1.2832623221092714,34.28813205531377,0.6920298921817408,19.32885295222423,0.5596493700635686,28.40787547445878,0.7604160891076248,26.952401878822062,29.901351072329795,"{""attn.o_proj"": {""max_weight"": 1.2832623221092714, ""max_weight_position"": 34.28813205531377, ""min_weight"": 0.8880558864101694, ""min_weight_distance"": 19.32885295222423}, ""mlp.down_proj"": {""max_weight"": 0.5596493700635686, ""max_weight_position"": 28.40787547445878, ""min_weight"": 0.4255663852552847, ""min_weight_distance"": 26.952401878822062}}"
7,COMPLETE,2026-09-23 16:28:54.087486,2026-09-23 16:29:33.950028,39.862542,71,0.26082149147987366,per layer,20.998510387591697,1.3058603245031022,29.356814435097565,0.4259316201493918,18.9284332033305,1.2306890494321627,31.39010548214005,0.4726418364688967,16.34098984990031,,"{""attn.o_proj"": {""max_weight"": 1.3058603245031022, ""max_weight_position"": 29.356814435097565, ""min_weight"": 0.5562072037044168, ""min_weight_distance"": 18.9284332033305}, ""mlp.down_proj"": {""max_weight"": 1.2306890494321627, ""max_weight_position"": 31.39010548214005, ""min_weight"": 0.5816751324457782, ""min_weight_distance"": 16.34098984990031}}"
8,COMPLETE,2026-09-23 16:29:33.986923,2026-09-23 16:30:12.653863,38.66694,99,0.0029953604098409414,per layer,30.39539790086107,1.0409743294973834,43.93091813775781,0.8389928586602876,1.2604236952408097,1.0276447640986017,44.8299102869405,0.3670353389460309,10.863314402762901,,"{""attn.o_proj"": {""max_weight"": 1.0409743294973834, ""max_weight_position"": 43.93091813775781, ""min_weight"": 0.8733700284969859, ""min_weight_distance"": 1.2604236952408097}, ""mlp.down_proj"": {""max_weight"": 1.0276447640986017, ""max_weight_position"": 44.8299102869405, ""min_weight"": 0.37718194430704427, ""min_weight_distance"": 10.863314402762901}}"
9,COMPLETE,2026-09-23 16:30:12.693401,2026-09-23 16:30:51.356612,38.663211,100,0.0035488177090883255,per layer,26.039046006841954,0.974699802673833,32.78000784494932,0.07874977488223855,3.9242191064593097,0.4307450670267685,39.25037951458715,0.48952950933232975,11.632205261315393,,"{""attn.o_proj"": {""max_weight"": 0.974699802673833, ""max_weight_position"": 32.78000784494932, ""min_weight"": 0.0767573900383267, ""min_weight_distance"": 3.9242191064593097}, ""mlp.down_proj"": {""max_weight"": 0.4307450670267685, ""max_weight_position"": 39.25037951458715, ""min_weight"": 0.21086242130893548, ""min_weight_distance"": 11.632205261315393}}"
10,COMPLETE,2026-09-23 16:30:51.390365,2026-09-23 16:31:30.250548,38.860183,100,0.001722805667668581,per layer,33.80360645824462,1.1535209660475816,36.405084252854266,0.5045441725825995,7.2465938310708236,0.1420199015897604,44.30818832919783,0.599468715310531,19.678844000856213,,"{""attn.o_proj"": {""max_weight"": 1.1535209660475816, ""max_weight_position"": 36.405084252854266, ""min_weight"": 0.582002281371158, ""min_weight_distance"": 7.2465938310708236}, ""mlp.down_proj"": {""max_weight"": 0.1420199015897604, ""max_weight_position"": 44.30818832919783, ""min_weight"": 0.08513648795454172, ""min_weight_distance"": 19.678844000856213}}"
11,COMPLETE,2026-09-23 16:31:30.284833,2026-09-23 16:32:08.171839,37.887006,100,0.001842648722231388,per layer,27.749509133815764,0.9302495731712805,32.17963361875723,0.43707090665945725,5.5636172733736355,1.2888098647606268,39.28875554069061,0.2920482015124508,2.5170793011560244,,"{""attn.o_proj"": {""max_weight"": 0.9302495731712805, ""max_weight_position"": 32.17963361875723, ""min_weight"": 0.4065850243655447, ""min_weight_distance"": 5.5636172733736355}, ""mlp.down_proj"": {""max_weight"": 1.2888098647606268, ""max_weight_position"": 39.28875554069061, ""min_weight"": 0.376394603094846, ""min_weight_distance"": 2.5170793011560244}}"
12,COMPLETE,2026-09-23 16:32:08.224220,2026-09-23 16:32:48.087605,39.863385,79,0.2390509992837906,per layer,32.39548365430694,0.8332876454127116,39.76311779302705,0.990646778214411,26.154464997110523,0.8967944773623366,33.356490818881134,0.38644126852553917,24.23166313152547,,"{""attn.o_proj"": {""max_weight"": 0.8332876454127116, ""max_weight_position"": 39.76311779302705, ""min_weight"": 0.8254937212539754, ""min_weight_distance"": 26.154464997110523}, ""mlp.down_proj"": {""max_weight"": 0.8967944773623366, ""max_weight_position"": 33.356490818881134, ""min_weight"": 0.3465583954385993, ""min_weight_distance"": 24.23166313152547}}"
13,COMPLETE,2026-09-23 16:32:48.145026,2026-09-23 16:33:28.092049,39.947023,79,0.20131631195545197,per layer,26.61376943579272,0.9363783810360451,41.56471237332608,0.4562498346577709,21.938357853094445,1.0268663580579784,29.973757281833382,0.20594758811356462,26.445093082979383,,"{""attn.o_proj"": {""max_weight"": 0.9363783810360451, ""max_weight_position"": 41.56471237332608, ""min_weight"": 0.4272224815248068, ""min_weight_distance"": 21.938357853094445}, ""mlp.down_proj"": {""max_weight"": 1.0268663580579784, ""max_weight_position"": 29.973757281833382, ""min_weight"": 0.2114806497570007, ""min_weight_distance"": 26.445093082979383}}"
14,COMPLETE,2026-09-23 16:33:28.138845,2026-09-23 16:34:07.780984,39.642139,100,0.007187902927398682,global,39.943257682984225,0.835885835595857,37.89984032276931,0.8163433096299509,25.944772312759888,1.3525950736771932,40.64798337499344,0.2406625355262717,25.27903618893159,39.943257682984225,"{""attn.o_proj"": {""max_weight"": 0.835885835595857, ""max_weight_position"": 37.89984032276931, ""min_weight"": 0.682369809503119, ""min_weight_distance"": 25.944772312759888}, ""mlp.down_proj"": {""max_weight"": 1.3525950736771932, ""max_weight_position"": 40.64798337499344, ""min_weight"": 0.3255189599714976, ""min_weight_distance"": 25.27903618893159}}"
15,COMPLETE,2026-09-23 16:34:07.829085,2026-09-23 16:34:46.776566,38.947481,94,0.10586347430944443,per layer,29.424054714437975,0.8964048973096775,31.05792147852202,0.8520826582144962,2.3455480307323677,1.0991098142655695,30.691762425024322,0.17895748144278678,19.028140495524873,,"{""attn.o_proj"": {""max_weight"": 0.8964048973096775, ""max_weight_position"": 31.05792147852202, ""min_weight"": 0.7638110677361226, ""min_weight_distance"": 2.3455480307323677}, ""mlp.down_proj"": {""max_weight"": 1.0991098142655695, ""max_weight_position"": 30.691762425024322, ""min_weight"": 0.1966939241900155, ""min_weight_distance"": 19.028140495524873}}"
16,COMPLETE,2026-09-23 16:34:46.834887,2026-09-23 16:35:25.286969,38.452082,99,0.019721053540706635,per layer,36.5128017103479,1.0680706940417368,41.50794319650778,0.3200605367444218,13.682071495133789,1.4729156469167977,34.638401305588324,0.8308376794396154,6.4386081250546505,,"{""attn.o_proj"": {""max_weight"": 1.0680706940417368, ""max_weight_position"": 41.50794319650778, ""min_weight"": 0.34184727961598543, ""min_weight_distance"": 13.682071495133789}, ""mlp.down_proj"": {""max_weight"": 1.4729156469167977, ""max_weight_position"": 34.638401305588324, ""min_weight"": 1.2237538180946521, ""min_weight_distance"": 6.4386081250546505}}"
17,COMPLETE,2026-09-23 16:35:25.337856,2026-09-23 16:36:05.075827,39.737971,76,0.18892566859722137,per layer,41.73418954369566,1.357875759158727,40.34015137299733,0.7852726966760378,17.95377962723959,1.1033095976232539,29.7607390164875,0.2733348089322023,20.952519265995765,,"{""attn.o_proj"": {""max_weight"": 1.357875759158727, ""max_weight_position"": 40.34015137299733, ""min_weight"": 1.0663027591455956, ""min_weight_distance"": 17.95377962723959}, ""mlp.down_proj"": {""max_weight"": 1.1033095976232539, ""max_weight_position"": 29.7607390164875, ""min_weight"": 0.3015729180594171, ""min_weight_distance"": 20.952519265995765}}"
18,COMPLETE,2026-09-23 16:36:05.118268,2026-09-23 16:36:43.885808,38.76754,99,0.019950611516833305,per layer,41.696778913113974,1.4600845769373272,33.52774624456928,0.17645082631373987,2.6756619473540098,1.0094260421633905,37.549418241265904,0.030912815971094743,21.724298238503227,,"{""attn.o_proj"": {""max_weight"": 1.4600845769373272, ""max_weight_position"": 33.52774624456928, ""min_weight"": 0.25763313008853866, ""min_weight_distance"": 2.6756619473540098}, ""mlp.down_proj"": {""max_weight"": 1.0094260421633905, ""max_weight_position"": 37.549418241265904, ""min_weight"": 0.031204201477827414, ""min_weight_distance"": 21.724298238503227}}"
19,COMPLETE,2026-09-23 16:36:43.935769,2026-09-23 16:37:22.982351,39.046582,98,0.01668616570532322,per layer,39.2749781381899,1.0561482615563043,38.67596705702728,0.3865526361074135,7.083439272377054,0.4170801968458937,35.16049684344917,0.5087476340557078,21.90193227494506,,"{""attn.o_proj"": {""max_weight"": 1.0561482615563043, ""max_weight_position"": 38.67596705702728, ""min_weight"": 0.4082568946248515, ""min_weight_distance"": 7.083439272377054}, ""mlp.down_proj"": {""max_weight"": 0.4170801968458937, ""max_weight_position"": 35.16049684344917, ""min_weight"": 0.2121885633568373, ""min_weight_distance"": 21.90193227494506}}"
20,COMPLETE,2026-09-23 16:37:23.032464,2026-09-23 16:38:00.776621,37.744157,100,0.001928277313709259,per layer,31.75517326576601,1.1320628827291712,43.06944420155723,0.2969240942165984,13.772615878159286,-0.03885969144083759,35.886245912624645,0.9511417312161701,10.434823064679618,,"{""attn.o_proj"": {""max_weight"": 1.1320628827291712, ""max_weight_position"": 43.06944420155723, ""min_weight"": 0.3361367460505904, ""min_weight_distance"": 13.772615878159286}, ""mlp.down_proj"": {""max_weight"": 0.0, ""max_weight_position"": 35.886245912624645, ""min_weight"": 0.0, ""min_weight_distance"": 10.434823064679618}}"
21,COMPLETE,2026-09-23 16:38:00.832291,2026-09-23 16:38:40.378373,39.546082,99,0.005726309027522802,global,39.6387281607985,1.4301949665423357,36.392552533792326,0.9810916982268031,17.49396062880361,0.08698658194620307,39.93273278992113,0.013363461805310672,24.63249457778986,39.6387281607985,"{""attn.o_proj"": {""max_weight"": 1.4301949665423357, ""max_weight_position"": 36.392552533792326, ""min_weight"": 1.4031524085204459, ""min_weight_distance"": 17.49396062880361}, ""mlp.down_proj"": {""max_weight"": 0.08698658194620307, ""max_weight_position"": 39.93273278992113, ""min_weight"": 0.0011624418654126115, ""min_weight_distance"": 24.63249457778986}}"
22,COMPLETE,2026-09-23 16:38:40.442061,2026-09-23 16:39:18.376129,37.934068,100,0.0008227156358771026,global,35.24217725632163,1.2974141969457884,35.201739466843364,0.6040786281758774,8.36714298013477,0.6095923779483639,41.99575096402623,0.20133045996383636,2.575567862052804,35.24217725632163,"{""attn.o_proj"": {""max_weight"": 1.2974141969457884, ""max_weight_position"": 35.201739466843364, ""min_weight"": 0.7837401882669195, ""min_weight_distance"": 8.36714298013477}, ""mlp.down_proj"": {""max_weight"": 0.6095923779483639, ""max_weight_position"": 41.99575096402623, ""min_weight"": 0.12272951384279288, ""min_weight_distance"": 2.575567862052804}}"
23,COMPLETE,2026-09-23 16:39:18.420193,2026-09-23 16:39:56.482389,38.062196,100,0.006638025864958763,per layer,30.283982495084192,1.2695143510990616,46.323568474295556,0.90235766846125,5.115577405065065,0.9524147209894394,39.06705437907602,0.8243785882114625,6.790762780069242,,"{""attn.o_proj"": {""max_weight"": 1.2695143510990616, ""max_weight_position"": 46.323568474295556, ""min_weight"": 1.145556009935846, ""min_weight_distance"": 5.115577405065065}, ""mlp.down_proj"": {""max_weight"": 0.9524147209894394, ""max_weight_position"": 39.06705437907602, ""min_weight"": 0.7851503030810879, ""min_weight_distance"": 6.790762780069242}}"
24,COMPLETE,2026-09-23 16:39:56.530036,2026-09-23 16:40:35.939821,39.409785,100,0.0019290989730507135,global,26.55538795597595,1.0653373327811184,39.62961230431494,0.42216158144331806,5.990235170259625,0.2706335441484039,28.630584969863552,0.3125834217850647,24.032689582597857,26.55538795597595,"{""attn.o_proj"": {""max_weight"": 1.0653373327811184, ""max_weight_position"": 39.62961230431494, ""min_weight"": 0.44974449317748333, ""min_weight_distance"": 5.990235170259625}, ""mlp.down_proj"": {""max_weight"": 0.2706335441484039, ""max_weight_position"": 28.630584969863552, ""min_weight"": 0.08459555927972746, ""min_weight_distance"": 24.032689582597857}}"
25,COMPLETE,2026-09-23 16:40:35.968098,2026-09-23 16:41:13.981340,38.013242,97,0.0037621494848281145,per layer,40.36854733102791,1.2247167280938642,35.26442724278242,0.15826000240125515,12.831610330048825,1.2800055138030604,31.291068057743274,0.7633169188677613,1.161761637891793,,"{""attn.o_proj"": {""max_weight"": 1.2247167280938642, ""max_weight_position"": 35.26442724278242, ""min_weight"": 0.1938236723289923, ""min_weight_distance"": 12.831610330048825}, ""mlp.down_proj"": {""max_weight"": 1.2800055138030604, ""max_weight_position"": 31.291068057743274, ""min_weight"": 0.9770498649298978, ""min_weight_distance"": 1.161761637891793}}"
26,COMPLETE,2026-09-23 16:41:14.029118,2026-09-23 16:41:53.071985,39.042867,99,0.013104944489896297,per layer,27.896474918780825,1.4798153967528422,45.4801264601527,0.9004760203170599,14.877065247721916,0.4038972763468962,36.11460301543343,0.3617287958676807,21.835880810362525,,"{""attn.o_proj"": {""max_weight"": 1.4798153967528422, ""max_weight_position"": 45.4801264601527, ""min_weight"": 1.3325382792719103, ""min_weight_distance"": 14.877065247721916}, ""mlp.down_proj"": {""max_weight"": 0.4038972763468962, ""max_weight_position"": 36.11460301543343, ""min_weight"": 0.14610127542719864, ""min_weight_distance"": 21.835880810362525}}"
27,COMPLETE,2026-09-23 16:41:53.098104,2026-09-23 16:42:31.141074,38.04297,98,0.016453329473733902,per layer,30.696732416876323,0.8841911092814221,44.7696738560775,0.9826922047808109,1.9872512057422949,1.1158612901502984,31.680250051903112,0.36061925630007785,6.525592109183158,,"{""attn.o_proj"": {""max_weight"": 0.8841911092814221, ""max_weight_position"": 44.7696738560775, ""min_weight"": 0.8688877106273516, ""min_weight_distance"": 1.9872512057422949}, ""mlp.down_proj"": {""max_weight"": 1.1158612901502984, ""max_weight_position"": 31.680250051903112, ""min_weight"": 0.40240106858804603, ""min_weight_distance"": 6.525592109183158}}"
28,COMPLETE,2026-09-23 16:42:31.172482,2026-09-23 16:43:10.041653,38.869171,99,0.0036170503590255976,global,20.233554755242718,1.216354793845631,30.446878814462707,0.4682292310071259,13.113413698291042,0.7445587739129004,42.91065678546928,0.343805421517836,14.842234172539836,20.233554755242718,"{""attn.o_proj"": {""max_weight"": 1.216354793845631, ""max_weight_position"": 30.446878814462707, ""min_weight"": 0.569532869754171, ""min_weight_distance"": 13.113413698291042}, ""mlp.down_proj"": {""max_weight"": 0.7445587739129004, ""max_weight_position"": 42.91065678546928, ""min_weight"": 0.2559833431099279, ""min_weight_distance"": 14.842234172539836}}"
29,COMPLETE,2026-09-23 16:43:10.087333,2026-09-23 16:43:48.879107,38.791774,97,0.07090219855308533,per layer,31.287786757631586,1.4238371390366562,44.74611312183379,0.24959163603575696,1.6579998014257415,1.377852220659138,35.5717159307472,0.11608579037255062,21.648546259249777,,"{""attn.o_proj"": {""max_weight"": 1.4238371390366562, ""max_weight_position"": 44.74611312183379, ""min_weight"": 0.3553778409806306, ""min_weight_distance"": 1.6579998014257415}, ""mlp.down_proj"": {""max_weight"": 1.377852220659138, ""max_weight_position"": 35.5717159307472, ""min_weight"": 0.15994906405179005, ""min_weight_distance"": 21.648546259249777}}"
30,COMPLETE,2026-09-23 16:43:48.921067,2026-09-23 16:44:28.467289,39.546222,96,0.034644052386283875,per layer,42.265452583991916,1.205553186549131,42.42374802702001,0.8435246021918145,14.775927106813615,0.6496884129223428,37.66474526610823,0.31628727225808084,27.76658687183276,,"{""attn.o_proj"": {""max_weight"": 1.205553186549131, ""max_weight_position"": 42.42374802702001, ""min_weight"": 1.01691377210493, ""min_weight_distance"": 14.775927106813615}, ""mlp.down_proj"": {""max_weight"": 0.6496884129223428, ""max_weight_position"": 37.66474526610823, ""min_weight"": 0.2054881759408895, ""min_weight_distance"": 27.76658687183276}}"
31,COMPLETE,2026-09-23 16:44:28.497981,2026-09-23 16:45:07.252747,38.754766,99,0.0044582257978618145,per layer,36.55668868290575,1.0422139367745518,42.92311883441165,0.04921718906405981,14.225669015521136,0.6083769059297524,39.83799847414714,0.27974831235866426,12.979372799424482,,"{""attn.o_proj"": {""max_weight"": 1.0422139367745518, ""max_weight_position"": 42.92311883441165, ""min_weight"": 0.051294840371431186, ""min_weight_distance"": 14.225669015521136}, ""mlp.down_proj"": {""max_weight"": 0.6083769059297524, ""max_weight_position"": 39.83799847414714, ""min_weight"": 0.17019241271183408, ""min_weight_distance"": 12.979372799424482}}"
32,COMPLETE,2026-09-23 16:45:07.321976,2026-09-23 16:45:45.678085,38.356109,100,0.0011960474075749516,global,32.170342623064876,1.3226487694360323,45.917182160245495,0.9242628826344974,12.302249497785255,1.1845694654086356,37.52305131397136,0.13274378159987776,7.629444801626338,32.170342623064876,"{""attn.o_proj"": {""max_weight"": 1.3226487694360323, ""max_weight_position"": 45.917182160245495, ""min_weight"": 1.2224751643519178, ""min_weight_distance"": 12.302249497785255}, ""mlp.down_proj"": {""max_weight"": 1.1845694654086356, ""max_weight_position"": 37.52305131397136, ""min_weight"": 0.15724423040608787, ""min_weight_distance"": 7.629444801626338}}"
33,COMPLETE,2026-09-23 16:45:45.732953,2026-09-23 16:46:23.388780,37.655827,100,0.001578274997882545,per layer,19.69205981300913,1.3419170450155935,45.83435158370315,0.3460871558694677,8.643169640079961,-0.21511041227033506,44.97622696266346,0.012479316662447282,25.723908048530696,,"{""attn.o_proj"": {""max_weight"": 1.3419170450155935, ""max_weight_position"": 45.83435158370315, ""min_weight"": 0.4644202535222072, ""min_weight_distance"": 8.643169640079961}, ""mlp.down_proj"": {""max_weight"": 0.0, ""max_weight_position"": 44.97622696266346, ""min_weight"": 0.0, ""min_weight_distance"": 25.723908048530696}}"
34,COMPLETE,2026-09-23 16:46:23.444082,2026-09-23 16:47:01.081365,37.637283,100,0.0008611937519162893,global,33.008329845916094,1.2068047908482846,38.9877846162864,0.1868274362903105,4.454890468639801,-0.058858661218297775,33.131881972437114,0.6163035772874993,1.6639960337874107,33.008329845916094,"{""attn.o_proj"": {""max_weight"": 1.2068047908482846, ""max_weight_position"": 38.9877846162864, ""min_weight"": 0.2254642451770494, ""min_weight_distance"": 4.454890468639801}, ""mlp.down_proj"": {""max_weight"": 0.0, ""max_weight_position"": 33.131881972437114, ""min_weight"": 0.0, ""min_weight_distance"": 1.6639960337874107}}"
35,COMPLETE,2026-09-23 16:47:01.135596,2026-09-23 16:47:39.681535,38.545939,91,0.008421523496508598,per layer,37.712910759954994,1.457141455353892,32.50819544471224,0.034197903779960015,23.82266282462345,0.14951531086397102,31.84905989809772,0.3636019500909804,1.8299550871517556,,"{""attn.o_proj"": {""max_weight"": 1.457141455353892, ""max_weight_position"": 32.50819544471224, ""min_weight"": 0.049831183283983296, ""min_weight_distance"": 23.82266282462345}, ""mlp.down_proj"": {""max_weight"": 0.14951531086397102, ""max_weight_position"": 31.84905989809772, ""min_weight"": 0.05436405859859901, ""min_weight_distance"": 1.8299550871517556}}"
36,COMPLETE,2026-09-23 16:47:39.731959,2026-09-23 16:48:19.181276,39.449317,100,0.009038123302161694,global,40.92608766475045,0.8805866320659838,42.76856180894208,0.9779337072418082,14.288024182734462,1.2052854364245358,34.86792532843242,0.7589161983100051,26.632785863219492,40.92608766475045,"{""attn.o_proj"": {""max_weight"": 0.8805866320659838, ""max_weight_position"": 42.76856180894208, ""min_weight"": 0.8611553496438656, ""min_weight_distance"": 14.288024182734462}, ""mlp.down_proj"": {""max_weight"": 1.2052854364245358, ""max_weight_position"": 34.86792532843242, ""min_weight"": 0.914710641289724, ""min_weight_distance"": 26.632785863219492}}"
37,COMPLETE,2026-09-23 16:48:19.237468,2026-09-23 16:48:57.673039,38.435571,100,0.003627568716183305,global,25.62812741013691,0.8634650166196551,35.00604838143942,0.8145166082909967,1.9935889089158465,1.3248362709407664,37.16360888284453,0.16095080919104532,15.065154838734076,25.62812741013691,"{""attn.o_proj"": {""max_weight"": 0.8634650166196551, ""max_weight_position"": 35.00604838143942, ""min_weight"": 0.7033065967149706, ""min_weight_distance"": 1.9935889089158465}, ""mlp.down_proj"": {""max_weight"": 1.3248362709407664, ""max_weight_position"": 37.16360888284453, ""min_weight"": 0.2132334698535633, ""min_weight_distance"": 15.065154838734076}}"
38,COMPLETE,2026-09-23 16:48:57.718285,2026-09-23 16:49:35.473168,37.754883,100,0.0011987603502348065,global,28.726301985396887,1.1245198985960119,40.54072679299568,0.13525010165780937,11.300147867429402,-0.21954369142123015,45.36964388891234,0.3711928459617799,6.249751959549539,28.726301985396887,"{""attn.o_proj"": {""max_weight"": 1.1245198985960119, ""max_weight_position"": 40.54072679299568, ""min_weight"": 0.1520914306013401, ""min_weight_distance"": 11.300147867429402}, ""mlp.down_proj"": {""max_weight"": 0.0, ""max_weight_position"": 45.36964388891234, ""min_weight"": 0.0, ""min_weight_distance"": 6.249751959549539}}"
39,COMPLETE,2026-09-23 16:49:35.526613,2026-09-23 16:50:13.847116,38.320503,98,0.0016559404321014881,per layer,27.972161766147913,0.821136473740773,32.894097945113245,0.6017175868107278,11.045423350330022,0.2456345928381416,42.87884706793598,0.98480204415062,5.610813857207085,,"{""attn.o_proj"": {""max_weight"": 0.821136473740773, ""max_weight_position"": 32.894097945113245, ""min_weight"": 0.49409225742156854, ""min_weight_distance"": 11.045423350330022}, ""mlp.down_proj"": {""max_weight"": 0.2456345928381416, ""max_weight_position"": 42.87884706793598, ""min_weight"": 0.2419014491411071, ""min_weight_distance"": 5.610813857207085}}"
40,COMPLETE,2026-09-23 16:50:13.877283,2026-09-23 16:50:52.872488,38.995205,98,0.00917152687907219,global,32.04187289094359,1.1192766655794548,31.082562757892905,0.04007411920348303,20.179642521408283,1.330161076552074,43.20461336154763,0.6771435097209595,16.663112646301364,32.04187289094359,"{""attn.o_proj"": {""max_weight"": 1.1192766655794548, ""max_weight_position"": 31.082562757892905, ""min_weight"": 0.04485402651810808, ""min_weight_distance"": 20.179642521408283}, ""mlp.down_proj"": {""max_weight"": 1.330161076552074, ""max_weight_position"": 43.20461336154763, ""min_weight"": 0.9007099398706813, ""min_weight_distance"": 16.663112646301364}}"
41,COMPLETE,2026-09-23 16:50:52.919029,2026-09-23 16:51:32.474851,39.555822,92,0.023380078375339508,per layer,27.916640144412895,0.8871654713186036,35.573859739228766,0.7466298988106123,25.90939340356853,0.3946349771781381,45.09693840725191,0.23150000564704665,27.094467043557504,,"{""attn.o_proj"": {""max_weight"": 0.8871654713186036, ""max_weight_position"": 35.573859739228766, ""min_weight"": 0.6623842660788781, ""min_weight_distance"": 25.90939340356853}, ""mlp.down_proj"": {""max_weight"": 0.3946349771781381, ""max_weight_position"": 45.09693840725191, ""min_weight"": 0.0913579994452611, ""min_weight_distance"": 27.094467043557504}}"
42,COMPLETE,2026-09-23 16:51:32.516828,2026-09-23 16:52:11.159893,38.643065,98,0.012888035736978054,per layer,20.707173880117146,0.9914719132125418,46.81057253187694,0.6956487695918402,16.90554481002505,1.0927104465907158,35.522484050808224,0.08952500356210458,10.280412108698776,,"{""attn.o_proj"": {""max_weight"": 0.9914719132125418, ""max_weight_position"": 46.81057253187694, ""min_weight"": 0.6897162165111724, ""min_weight_distance"": 16.90554481002505}, ""mlp.down_proj"": {""max_weight"": 1.0927104465907158, ""max_weight_position"": 35.522484050808224, ""min_weight"": 0.09782490662338271, ""min_weight_distance"": 10.280412108698776}}"
43,COMPLETE,2026-09-23 16:52:11.186910,2026-09-23 16:52:50.967803,39.780893,88,0.016584597527980804,per layer,19.74196437508657,1.3001684248538212,32.08985260021106,0.25262995261362176,21.93028725527035,0.04773746643899546,31.856750941965675,0.715795166288015,21.851661425348215,,"{""attn.o_proj"": {""max_weight"": 1.3001684248538212, ""max_weight_position"": 32.08985260021106, ""min_weight"": 0.3284614875605481, ""min_weight_distance"": 21.93028725527035}, ""mlp.down_proj"": {""max_weight"": 0.04773746643899546, ""max_weight_position"": 31.856750941965675, ""min_weight"": 0.034170247727869286, ""min_weight_distance"": 21.851661425348215}}"
44,COMPLETE,2026-09-23 16:52:51.023587,2026-09-23 16:53:28.672831,37.649244,100,0.0011283347848802805,per layer,39.7690645250466,0.8608309420938871,46.3735620403464,0.502590991896195,8.658475800852349,-0.092752712610608,29.63871079480795,0.9992755258816318,3.1835017901662406,,"{""attn.o_proj"": {""max_weight"": 0.8608309420938871, ""max_weight_position"": 46.3735620403464, ""min_weight"": 0.43264587704190277, ""min_weight_distance"": 8.658475800852349}, ""mlp.down_proj"": {""max_weight"": 0.0, ""max_weight_position"": 29.63871079480795, ""min_weight"": 0.0, ""min_weight_distance"": 3.1835017901662406}}"
45,COMPLETE,2026-09-23 16:53:28.726119,2026-09-23 16:54:07.081299,38.35518,99,0.005370038561522961,global,33.691115749168816,1.421942562175185,31.527901420390748,0.6502695878566195,25.246664793542234,-0.14674264560933245,30.914000792448224,0.36151160508403934,12.747432535979712,33.691115749168816,"{""attn.o_proj"": {""max_weight"": 1.421942562175185, ""max_weight_position"": 31.527901420390748, ""min_weight"": 0.9246460038614431, ""min_weight_distance"": 25.246664793542234}, ""mlp.down_proj"": {""max_weight"": 0.0, ""max_weight_position"": 30.914000792448224, ""min_weight"": 0.0, ""min_weight_distance"": 12.747432535979712}}"
46,COMPLETE,2026-09-23 16:54:07.130365,2026-09-23 16:54:45.070817,37.940452,100,0.0007921619690023363,global,25.20970557411984,1.0364867415484358,38.53861980666168,0.8368933166547248,9.969385806794154,1.4151029466167038,35.45490983602075,0.39116532363649714,1.431900881182661,25.20970557411984,"{""attn.o_proj"": {""max_weight"": 1.0364867415484358, ""max_weight_position"": 38.53861980666168, ""min_weight"": 0.867428826803119, ""min_weight_distance"": 9.969385806794154}, ""mlp.down_proj"": {""max_weight"": 1.4151029466167038, ""max_weight_position"": 35.45490983602075, ""min_weight"": 0.5535392020922837, ""min_weight_distance"": 1.431900881182661}}"
47,COMPLETE,2026-09-23 16:54:45.117896,2026-09-23 16:55:23.371124,38.253228,100,0.002497658831998706,global,38.28327271371856,1.3952361406377172,33.90596335448413,0.629061209478275,14.98287012005069,0.29428359153216843,41.18497188653289,0.3351470873157041,1.3224300221628427,38.28327271371856,"{""attn.o_proj"": {""max_weight"": 1.3952361406377172, ""max_weight_position"": 33.90596335448413, ""min_weight"": 0.877688934137363, ""min_weight_distance"": 14.98287012005069}, ""mlp.down_proj"": {""max_weight"": 0.29428359153216843, ""max_weight_position"": 41.18497188653289, ""min_weight"": 0.09862828854681065, ""min_weight_distance"": 1.3224300221628427}}"
48,COMPLETE,2026-09-23 16:55:23.420986,2026-09-23 16:56:01.981624,38.560638,99,0.003079335205256939,global,40.87239608615868,1.2525927062772837,33.15227622365866,0.7168953208903243,9.098398231975944,1.1778839766101659,43.15584027763268,0.05089421168977348,12.622494084876362,40.87239608615868,"{""attn.o_proj"": {""max_weight"": 1.2525927062772837, ""max_weight_position"": 33.15227622365866, ""min_weight"": 0.897977850111533, ""min_weight_distance"": 9.098398231975944}, ""mlp.down_proj"": {""max_weight"": 1.1778839766101659, ""max_weight_position"": 43.15584027763268, ""min_weight"": 0.05994747645158998, ""min_weight_distance"": 12.622494084876362}}"
49,COMPLETE,2026-09-23 16:56:02.040100,2026-09-23 16:56:39.575292,37.535192,100,0.0011772813741117716,per layer,38.38447664938904,1.1453616302799037,29.61234963453288,0.20936944959777493,2.9007037550866377,-0.18380213233627782,30.58960805518623,0.09779690989022694,18.954780972809075,,"{""attn.o_proj"": {""max_weight"": 1.1453616302799037, ""max_weight_position"": 29.61234963453288, ""min_weight"": 0.23980373412211362, ""min_weight_distance"": 2.9007037550866377}, ""mlp.down_proj"": {""max_weight"": 0.0, ""max_weight_position"": 30.58960805518623, ""min_weight"": 0.0, ""min_weight_distance"": 18.954780972809075}}"
50,COMPLETE,2026-09-23 16:56:39.628737,2026-09-23 16:57:19.250100,39.621363,81,0.28308582305908203,per layer,41.53789786362955,1.0078580294611137,42.215291959073284,0.6205395940163719,26.528766456157843,1.2772427646426443,33.132717104414816,0.8326683261031333,16.548577386211065,,"{""attn.o_proj"": {""max_weight"": 1.0078580294611137, ""max_weight_position"": 42.215291959073284, ""min_weight"": 0.6254158124279401, ""min_weight_distance"": 26.528766456157843}, ""mlp.down_proj"": {""max_weight"": 1.2772427646426443, ""max_weight_position"": 33.132717104414816, ""min_weight"": 1.063519594862329, ""min_weight_distance"": 16.548577386211065}}"
51,COMPLETE,2026-09-23 16:57:19.282828,2026-09-23 16:57:58.052867,38.770039,99,0.01975582353770733,per layer,34.93754595670812,1.2112696711202506,44.85399627216432,0.294173885432223,12.49704783904286,0.7490654216316108,41.82885184296859,0.9051468488813411,17.02543531597856,,"{""attn.o_proj"": {""max_weight"": 1.2112696711202506, ""max_weight_position"": 44.85399627216432, ""min_weight"": 0.35632390545965503, ""min_weight_distance"": 12.49704783904286}, ""mlp.down_proj"": {""max_weight"": 0.7490654216316108, ""max_weight_position"": 41.82885184296859, ""min_weight"": 0.6780142059958257, ""min_weight_distance"": 17.02543531597856}}"
52,COMPLETE,2026-09-23 16:57:58.082913,2026-09-23 16:58:36.682609,38.599696,99,0.00069664535112679,global,21.0882679696928,0.9993916880290334,39.83371638729182,0.29754617346961454,8.86790022261646,1.069815189119748,43.02715069627446,0.6067421633079724,13.357930683821355,21.0882679696928,"{""attn.o_proj"": {""max_weight"": 0.9993916880290334, ""max_weight_position"": 39.83371638729182, ""min_weight"": 0.2973651725703777, ""min_weight_distance"": 8.86790022261646}, ""mlp.down_proj"": {""max_weight"": 1.069815189119748, ""max_weight_position"": 43.02715069627446, ""min_weight"": 0.6491019821862435, ""min_weight_distance"": 13.357930683821355}}"
53,COMPLETE,2026-09-23 16:58:36.740857,2026-09-23 16:59:16.677477,39.93662,100,0.004750910215079784,global,19.376469531956555,1.1066104074661325,39.65487292814977,0.4641550699508056,14.375881850200637,0.38488689737004567,34.33851287705576,0.32122363530065223,26.15991619599247,19.376469531956555,"{""attn.o_proj"": {""max_weight"": 1.1066104074661325, ""max_weight_position"": 39.65487292814977, ""min_weight"": 0.5136388310857322, ""min_weight_distance"": 14.375881850200637}, ""mlp.down_proj"": {""max_weight"": 0.38488689737004567, ""max_weight_position"": 34.33851287705576, ""min_weight"": 0.12363476835279512, ""min_weight_distance"": 26.15991619599247}}"
54,COMPLETE,2026-09-23 16:59:16.723372,2026-09-23 16:59:56.086142,39.36277,99,0.0021081811282783747,global,41.75213960302098,0.8658403007871216,34.80381393405317,0.06958978432555363,25.6367267302216,0.5076479582671709,43.03233793037233,0.9999344804266129,19.786651245255584,41.75213960302098,"{""attn.o_proj"": {""max_weight"": 0.8658403007871216, ""max_weight_position"": 34.80381393405317, ""min_weight"": 0.060253639792148275, ""min_weight_distance"": 25.6367267302216}, ""mlp.down_proj"": {""max_weight"": 0.5076479582671709, ""max_weight_position"": 43.03233793037233, ""min_weight"": 0.5076146973895144, ""min_weight_distance"": 19.786651245255584}}"
55,COMPLETE,2026-09-23 16:59:56.140212,2026-09-23 17:00:34.974243,38.834031,98,0.0033853380009531975,per layer,29.546022982570697,1.2265553005430525,37.3087895676923,0.3847640933914611,14.399946856284853,1.3499833148979605,39.44023395533196,0.5516684673786048,1.4194550679695772,,"{""attn.o_proj"": {""max_weight"": 1.2265553005430525, ""max_weight_position"": 37.3087895676923, ""min_weight"": 0.47193443820793873, ""min_weight_distance"": 14.399946856284853}, ""mlp.down_proj"": {""max_weight"": 1.3499833148979605, ""max_weight_position"": 39.44023395533196, ""min_weight"": 0.7447432263164463, ""min_weight_distance"": 1.4194550679695772}}"
56,COMPLETE,2026-09-23 17:00:35.031521,2026-09-23 17:01:13.156485,38.124964,100,0.0012175625888630748,global,38.14275740584639,1.4688189561885374,45.921792152519146,0.30988888991363694,6.255437806117127,1.1651524774595807,41.36636763795114,0.35463413404787414,5.886798062346417,38.14275740584639,"{""attn.o_proj"": {""max_weight"": 1.4688189561885374, ""max_weight_position"": 45.921792152519146, ""min_weight"": 0.4551706758173728, ""min_weight_distance"": 6.255437806117127}, ""mlp.down_proj"": {""max_weight"": 1.1651524774595807, ""max_weight_position"": 41.36636763795114, ""min_weight"": 0.4132028398776136, ""min_weight_distance"": 5.886798062346417}}"
57,COMPLETE,2026-09-23 17:01:13.196014,2026-09-23 17:01:52.678710,39.482696,99,0.006257530301809311,per layer,30.586423263772943,1.3749544886389322,44.100777532485104,0.17231372804156564,21.543362271039832,0.19345080063046738,31.740337131841493,0.41679066507472884,13.88134967660555,,"{""attn.o_proj"": {""max_weight"": 1.3749544886389322, ""max_weight_position"": 44.100777532485104, ""min_weight"": 0.23692353382485892, ""min_weight_distance"": 21.543362271039832}, ""mlp.down_proj"": {""max_weight"": 0.19345080063046738, ""max_weight_position"": 31.740337131841493, ""min_weight"": 0.08062848785401128, ""min_weight_distance"": 13.88134967660555}}"
58,COMPLETE,2026-09-23 17:01:52.720171,2026-09-23 17:02:31.567752,38.847581,81,0.12051214277744293,per layer,40.152229809377644,0.9822008771775055,29.039957049912342,0.6786047308856499,4.809321506641856,1.3051969775316312,31.682130278182054,0.615137672033594,14.165996240019785,,"{""attn.o_proj"": {""max_weight"": 0.9822008771775055, ""max_weight_position"": 29.039957049912342, ""min_weight"": 0.6665261619326903, ""min_weight_distance"": 4.809321506641856}, ""mlp.down_proj"": {""max_weight"": 1.3051969775316312, ""max_weight_position"": 31.682130278182054, ""min_weight"": 0.8028758303040908, ""min_weight_distance"": 14.165996240019785}}"
59,COMPLETE,2026-09-23 17:02:31.615850,2026-09-23 17:03:10.973628,39.357778,96,0.006739324424415827,per layer,23.44505402202606,0.9140407262271384,37.234499068830424,0.19806400799400048,27.7249000183254,0.13853397475972695,33.614878898431776,0.7051025221187837,9.57752301962177,,"{""attn.o_proj"": {""max_weight"": 0.9140407262271384, ""max_weight_position"": 37.234499068830424, ""min_weight"": 0.18103856970629395, ""min_weight_distance"": 27.7249000183254}, ""mlp.down_proj"": {""max_weight"": 0.13853397475972695, ""max_weight_position"": 33.614878898431776, ""min_weight"": 0.0976806550022234, ""min_weight_distance"": 9.57752301962177}}"
60,COMPLETE,2026-09-23 17:56:18.320048,2026-09-23 17:56:57.541491,39.221443,80,0.027336833998560905,per layer,35.415687601328514,1.422819125358103,35.941604785695034,0.5741802634567652,24.196443074995685,-0.08712812520317086,40.99723130185444,0.9867023446871426,26.98285862518095,,"{""attn.o_proj"": {""max_weight"": 1.422819125358103, ""max_weight_position"": 35.941604785695034, ""min_weight"": 0.8169546602494399, ""min_weight_distance"": 24.196443074995685}, ""mlp.down_proj"": {""max_weight"": 0.0, ""max_weight_position"": 40.99723130185444, ""min_weight"": 0.0, ""min_weight_distance"": 26.98285862518095}}"
61,COMPLETE,2026-09-23 17:56:57.618456,2026-09-23 17:57:37.245860,39.627404,93,0.01252662856131792,per layer,35.2328021138878,1.2056534337710303,37.65754512549722,0.42461746191281036,23.033275014137413,0.06227674937229087,46.31410959429307,0.9904640847296078,27.832511612614102,,"{""attn.o_proj"": {""max_weight"": 1.2056534337710303, ""max_weight_position"": 37.65754512549722, ""min_weight"": 0.5119415009943195, ""min_weight_distance"": 23.033275014137413}, ""mlp.down_proj"": {""max_weight"": 0.06227674937229087, ""max_weight_position"": 46.31410959429307, ""min_weight"": 0.06168288356696126, ""min_weight_distance"": 27.832511612614102}}"
62,COMPLETE,2026-09-23 17:57:37.319414,2026-09-23 17:58:17.061567,39.742153,83,0.1378389447927475,per layer,37.81064287496484,1.4179779005239577,44.303277073532925,0.7724465539789092,19.267241479494817,1.2900859060209378,29.588073745573027,0.08888509295429053,18.842632272697937,,"{""attn.o_proj"": {""max_weight"": 1.4179779005239577, ""max_weight_position"": 44.303277073532925, ""min_weight"": 1.0953121428779795, ""min_weight_distance"": 19.267241479494817}, ""mlp.down_proj"": {""max_weight"": 1.2900859060209378, ""max_weight_position"": 29.588073745573027, ""min_weight"": 0.11466940567569117, ""min_weight_distance"": 18.842632272697937}}"
63,COMPLETE,2026-09-23 17:58:17.119567,2026-09-23 17:58:56.459439,39.339872,87,0.013333753682672977,per layer,29.06967053274347,1.1871930022953738,31.825260049518956,0.6999250855415722,16.622310096727425,0.40497195509525113,42.459317835940816,0.019621696036595165,15.570176216484004,,"{""attn.o_proj"": {""max_weight"": 1.1871930022953738, ""max_weight_position"": 31.825260049518956, ""min_weight"": 0.8309461636859454, ""min_weight_distance"": 16.622310096727425}, ""mlp.down_proj"": {""max_weight"": 0.40497195509525113, ""max_weight_position"": 42.459317835940816, ""min_weight"": 0.007946236606224684, ""min_weight_distance"": 15.570176216484004}}"
64,COMPLETE,2026-09-23 17:58:56.519271,2026-09-23 17:59:36.258875,39.739604,72,0.24867300689220428,per layer,21.518846175750486,1.2785537899958694,29.4523198684795,0.5718884236847983,15.834562010153956,1.2023673134686175,35.332006013507396,0.5205400263544885,19.56883801497514,,"{""attn.o_proj"": {""max_weight"": 1.2785537899958694, ""max_weight_position"": 29.4523198684795, ""min_weight"": 0.7311901115569625, ""min_weight_distance"": 15.834562010153956}, ""mlp.down_proj"": {""max_weight"": 1.2023673134686175, ""max_weight_position"": 35.332006013507396, ""min_weight"": 0.6258803130407297, ""min_weight_distance"": 19.56883801497514}}"
65,COMPLETE,2026-09-23 17:59:36.319683,2026-09-23 18:00:15.869663,39.54998,94,0.004362805746495724,per layer,37.581326063949454,1.3135089098923889,36.335126871572804,0.48351612657236825,17.55113148414641,-0.06332549765629125,36.487879200789806,0.976691678145041,21.4969265032323,,"{""attn.o_proj"": {""max_weight"": 1.3135089098923889, ""max_weight_position"": 36.335126871572804, ""min_weight"": 0.6351027403294618, ""min_weight_distance"": 17.55113148414641}, ""mlp.down_proj"": {""max_weight"": 0.0, ""max_weight_position"": 36.487879200789806, ""min_weight"": 0.0, ""min_weight_distance"": 21.4969265032323}}"
66,COMPLETE,2026-09-23 18:00:15.947555,2026-09-23 18:00:54.553856,38.606301,100,0.004900418687611818,global,33.91590960522286,1.4916649885536775,36.42782162260965,0.6520428979455323,26.33920962029511,-0.19471615417904975,41.59045162994241,0.7207660731831291,23.926340469381454,33.91590960522286,"{""attn.o_proj"": {""max_weight"": 1.4916649885536775, ""max_weight_position"": 36.42782162260965, ""min_weight"": 0.972629561900429, ""min_weight_distance"": 26.33920962029511}, ""mlp.down_proj"": {""max_weight"": 0.0, ""max_weight_position"": 41.59045162994241, ""min_weight"": 0.0, ""min_weight_distance"": 23.926340469381454}}"
67,COMPLETE,2026-09-23 18:00:54.600194,2026-09-23 18:01:33.367634,38.76744,81,0.010073542594909668,per layer,30.84519845919318,1.2271499938719468,36.35348983311035,0.9465015094668734,17.937577868742054,0.36730085986921224,45.57209853629127,0.20354262902235518,9.347483009411738,,"{""attn.o_proj"": {""max_weight"": 1.2271499938719468, ""max_weight_position"": 36.35348983311035, ""min_weight"": 1.1614993215420621, ""min_weight_distance"": 17.937577868742054}, ""mlp.down_proj"": {""max_weight"": 0.36730085986921224, ""max_weight_position"": 45.57209853629127, ""min_weight"": 0.07476138265995114, ""min_weight_distance"": 9.347483009411738}}"
68,COMPLETE,2026-09-23 18:01:33.434400,2026-09-23 18:02:12.272004,38.837604,81,0.024135172367095947,per layer,33.98506871860813,1.2718935894462358,37.950362899928805,0.9296071997540961,22.18819299936092,0.17830697307756244,46.0986244889808,0.29020773022881474,7.282087825745045,,"{""attn.o_proj"": {""max_weight"": 1.2718935894462358, ""max_weight_position"": 37.950362899928805, ""min_weight"": 1.1823614380703011, ""min_weight_distance"": 22.18819299936092}, ""mlp.down_proj"": {""max_weight"": 0.17830697307756244, ""max_weight_position"": 46.0986244889808, ""min_weight"": 0.05174606194080977, ""min_weight_distance"": 7.282087825745045}}"
69,COMPLETE,2026-09-23 18:02:12.343191,2026-09-23 18:02:50.872985,38.529794,100,0.0013725593453273177,global,20.603756053825034,0.9587019680188116,42.23030855917245,0.328365657466803,7.752507763235474,1.3315688031428548,44.662619756443355,0.6648742479084397,14.027050974280971,20.603756053825034,"{""attn.o_proj"": {""max_weight"": 0.9587019680188116, ""max_weight_position"": 42.23030855917245, ""min_weight"": 0.31480480204321504, ""min_weight_distance"": 7.752507763235474}, ""mlp.down_proj"": {""max_weight"": 1.3315688031428548, ""max_weight_position"": 44.662619756443355, ""min_weight"": 0.8853258065279468, ""min_weight_distance"": 14.027050974280971}}"
70,COMPLETE,2026-09-23 18:02:50.958203,2026-09-23 18:03:30.688659,39.730456,79,0.17182683944702148,per layer,23.07726896177531,1.274966312666775,30.70261224911329,0.5778617236865614,14.597553981951137,1.125173504104765,34.96037879478519,0.6398173944082507,17.662512128869885,,"{""attn.o_proj"": {""max_weight"": 1.274966312666775, ""max_weight_position"": 30.70261224911329, ""min_weight"": 0.736754231079922, ""min_weight_distance"": 14.597553981951137}, ""mlp.down_proj"": {""max_weight"": 1.125173504104765, ""max_weight_position"": 34.96037879478519, ""min_weight"": 0.7199055796535119, ""min_weight_distance"": 17.662512128869885}}"
71,COMPLETE,2026-09-23 18:03:30.774063,2026-09-23 18:04:10.758210,39.984147,79,0.2569824159145355,per layer,24.0068890910286,1.2067244910035773,31.146815011271475,0.5153149622278929,21.853963807861923,1.2286020469582772,32.75760145877791,0.5202937215799603,16.87043550197262,,"{""attn.o_proj"": {""max_weight"": 1.2067244910035773, ""max_weight_position"": 31.146815011271475, ""min_weight"": 0.6218431855009816, ""min_weight_distance"": 21.853963807861923}, ""mlp.down_proj"": {""max_weight"": 1.2286020469582772, ""max_weight_position"": 32.75760145877791, ""min_weight"": 0.6392339313526793, ""min_weight_distance"": 16.87043550197262}}"
72,COMPLETE,2026-09-23 18:04:10.820314,2026-09-23 18:04:50.674463,39.854149,78,0.2857322096824646,per layer,36.810057699586835,1.289391274595181,37.62202341385558,0.7291100507602241,17.802149150852472,1.050451019013229,29.72458918798782,0.5761008045890972,22.941190218803257,,"{""attn.o_proj"": {""max_weight"": 1.289391274595181, ""max_weight_position"": 37.62202341385558, ""min_weight"": 0.9401081376698824, ""min_weight_distance"": 17.802149150852472}, ""mlp.down_proj"": {""max_weight"": 1.050451019013229, ""max_weight_position"": 29.72458918798782, ""min_weight"": 0.6051656772349583, ""min_weight_distance"": 22.941190218803257}}"
73,COMPLETE,2026-09-23 18:04:50.757844,2026-09-23 18:05:29.457228,38.699384,80,0.03274866193532944,per layer,39.00254750115067,1.4790637665144932,30.844557417120367,0.4370291807066057,25.27573352242979,-0.19654827018303964,41.010319588012614,0.9926609563817543,25.72349591633018,,"{""attn.o_proj"": {""max_weight"": 1.4790637665144932, ""max_weight_position"": 30.844557417120367, ""min_weight"": 0.6463940260926553, ""min_weight_distance"": 25.27573352242979}, ""mlp.down_proj"": {""max_weight"": 0.0, ""max_weight_position"": 41.010319588012614, ""min_weight"": 0.0, ""min_weight_distance"": 25.72349591633018}}"
74,COMPLETE,2026-09-23 18:05:29.517748,2026-09-23 18:06:09.273624,39.755876,100,0.004391459282487631,global,39.33933268959045,1.358914525422555,38.7934685451486,0.6273999712532339,15.700044970702377,0.6419022400417944,30.254228971725443,0.18706925124634174,21.768739147731704,39.33933268959045,"{""attn.o_proj"": {""max_weight"": 1.358914525422555, ""max_weight_position"": 38.7934685451486, ""min_weight"": 0.852582934185713, ""min_weight_distance"": 15.700044970702377}, ""mlp.down_proj"": {""max_weight"": 0.6419022400417944, ""max_weight_position"": 30.254228971725443, ""min_weight"": 0.120080171417968, ""min_weight_distance"": 21.768739147731704}}"
75,COMPLETE,2026-09-23 18:06:09.342885,2026-09-23 18:06:48.481116,39.138231,83,0.10503125190734863,per layer,21.512997418831947,1.1693031283113533,30.768421831869432,0.6545558549969266,8.440730739722348,1.4378553108135486,38.47306953751669,0.33308792736761683,22.35496747770439,,"{""attn.o_proj"": {""max_weight"": 1.1693031283113533, ""max_weight_position"": 30.768421831869432, ""min_weight"": 0.7653742089024188, ""min_weight_distance"": 8.440730739722348}, ""mlp.down_proj"": {""max_weight"": 1.4378553108135486, ""max_weight_position"": 38.47306953751669, ""min_weight"": 0.4789322453334054, ""min_weight_distance"": 22.35496747770439}}"
76,COMPLETE,2026-09-23 18:06:48.557137,2026-09-23 18:07:27.156891,38.599754,81,0.00974207278341055,per layer,25.752325568315715,1.3240893500968736,32.95158255815952,0.8548908467946625,14.116599434569766,0.9134868186154711,45.68817674447416,0.31411651283072595,5.397106889990984,,"{""attn.o_proj"": {""max_weight"": 1.3240893500968736, ""max_weight_position"": 32.95158255815952, ""min_weight"": 1.1319518657361107, ""min_weight_distance"": 14.116599434569766}, ""mlp.down_proj"": {""max_weight"": 0.9134868186154711, ""max_weight_position"": 45.68817674447416, ""min_weight"": 0.28694129398032564, ""min_weight_distance"": 5.397106889990984}}"
77,COMPLETE,2026-09-23 18:07:27.219188,2026-09-23 18:08:06.166014,38.946826,80,0.043821658939123154,per layer,28.492335986773725,1.3890789574059865,30.698294754904143,0.8681143748068465,17.917375946822045,1.2312444253766452,43.029851557216986,0.4052822401918328,5.875009858063989,,"{""attn.o_proj"": {""max_weight"": 1.3890789574059865, ""max_weight_position"": 30.698294754904143, ""min_weight"": 1.2058794106658441, ""min_weight_distance"": 17.917375946822045}, ""mlp.down_proj"": {""max_weight"": 1.2312444253766452, ""max_weight_position"": 43.029851557216986, ""min_weight"": 0.4990014989403527, ""min_weight_distance"": 5.875009858063989}}"
78,COMPLETE,2026-09-23 18:08:06.242781,2026-09-23 18:08:44.756058,38.513277,97,0.003089047269895673,per layer,21.383787564853343,1.4160309691228667,34.033425687232366,0.8591761010335588,8.380280834664056,0.7785529647382056,43.634296474141024,0.36179780663105177,8.360756100498856,,"{""attn.o_proj"": {""max_weight"": 1.4160309691228667, ""max_weight_position"": 34.033425687232366, ""min_weight"": 1.2166199669937563, ""min_weight_distance"": 8.380280834664056}, ""mlp.down_proj"": {""max_weight"": 0.7785529647382056, ""max_weight_position"": 43.634296474141024, ""min_weight"": 0.28167875498838535, ""min_weight_distance"": 8.360756100498856}}"
79,COMPLETE,2026-09-23 18:08:44.819407,2026-09-23 18:09:24.855527,40.03612,75,0.1952795535326004,per layer,40.475742332514756,1.4301174274928181,34.53475536906673,0.8194784208060483,20.190886381023724,0.8037170314316493,32.697424473680826,0.13119161238684102,22.710655145673623,,"{""attn.o_proj"": {""max_weight"": 1.4301174274928181, ""max_weight_position"": 34.53475536906673, ""min_weight"": 1.1719503710490229, ""min_weight_distance"": 20.190886381023724}, ""mlp.down_proj"": {""max_weight"": 0.8037170314316493, ""max_weight_position"": 32.697424473680826, ""min_weight"": 0.10544093325628345, ""min_weight_distance"": 22.710655145673623}}"
80,COMPLETE,2026-09-23 18:09:24.946482,2026-09-23 18:10:05.182706,40.236224,77,0.21252185106277466,per layer,40.665476826358145,1.4679225722897151,32.85206539937119,0.6216900384701325,26.513940101060605,0.957230195629913,37.415621363254246,0.09535957691634687,28.09645660646542,,"{""attn.o_proj"": {""max_weight"": 1.4679225722897151, ""max_weight_position"": 32.85206539937119, ""min_weight"": 0.9125928404379688, ""min_weight_distance"": 26.513940101060605}, ""mlp.down_proj"": {""max_weight"": 0.957230195629913, ""max_weight_position"": 37.415621363254246, ""min_weight"": 0.09128106646682045, ""min_weight_distance"": 28.09645660646542}}"
81,COMPLETE,2026-09-23 18:10:05.287487,2026-09-23 18:10:44.983976,39.696489,84,0.050868675112724304,per layer,40.28433447072709,1.4685717872030097,32.26229340825592,0.582931473958417,17.494295376376655,0.7010877045068533,33.04101424433245,0.2067728731122369,14.338083543860783,,"{""attn.o_proj"": {""max_weight"": 1.4685717872030097, ""max_weight_position"": 32.26229340825592, ""min_weight"": 0.8560767165279972, ""min_weight_distance"": 17.494295376376655}, ""mlp.down_proj"": {""max_weight"": 0.7010877045068533, ""max_weight_position"": 33.04101424433245, ""min_weight"": 0.14496591896454503, ""min_weight_distance"": 14.338083543860783}}"
82,COMPLETE,2026-09-23 18:10:45.067216,2026-09-23 18:11:24.591574,39.524358,77,0.05766332149505615,per layer,23.086642529649055,1.3818585744585756,30.176315325612258,0.27934362088391673,15.0761705009844,1.1536923575222655,31.829289531125166,0.12143297050494423,14.349899964215226,,"{""attn.o_proj"": {""max_weight"": 1.3818585744585756, ""max_weight_position"": 30.176315325612258, ""min_weight"": 0.38601337773874594, ""min_weight_distance"": 15.0761705009844}, ""mlp.down_proj"": {""max_weight"": 1.1536923575222655, ""max_weight_position"": 31.829289531125166, ""min_weight"": 0.14009629002278084, ""min_weight_distance"": 14.349899964215226}}"
83,COMPLETE,2026-09-23 18:11:24.671655,2026-09-23 18:12:04.198495,39.52684,75,0.11789119988679886,per layer,23.542407232700363,1.4967832421554275,29.55601699277972,0.20321873056950712,12.242811395427758,1.1265791202403088,28.415990328047684,0.04082408740655567,15.599235031092617,,"{""attn.o_proj"": {""max_weight"": 1.4967832421554275, ""max_weight_position"": 29.55601699277972, ""min_weight"": 0.30417439040853717, ""min_weight_distance"": 12.242811395427758}, ""mlp.down_proj"": {""max_weight"": 1.1265791202403088, ""max_weight_position"": 28.415990328047684, ""min_weight"": 0.04599156447509096, ""min_weight_distance"": 15.599235031092617}}"
84,COMPLETE,2026-09-23 18:12:04.318781,2026-09-23 18:12:43.687111,39.36833,82,0.10689656436443329,per layer,26.233089329418323,1.4722481784616368,30.383660831323468,0.12756790445988364,8.724309936119015,1.0235026019860662,28.286529138502075,0.15966032104656902,16.140075376318407,,"{""attn.o_proj"": {""max_weight"": 1.4722481784616368, ""max_weight_position"": 30.383660831323468, ""min_weight"": 0.1878116149712318, ""min_weight_distance"": 8.724309936119015}, ""mlp.down_proj"": {""max_weight"": 1.0235026019860662, ""max_weight_position"": 28.286529138502075, ""min_weight"": 0.1634127540250941, ""min_weight_distance"": 16.140075376318407}}"
85,COMPLETE,2026-09-23 18:12:43.766596,2026-09-23 18:13:23.091604,39.325008,81,0.023942558094859123,per layer,19.78468712441755,1.4695726233785964,29.708308434364707,0.2543889660546416,20.918481069995735,0.8639183950600853,34.52223503070568,0.17098516883697124,9.940324063650039,,"{""attn.o_proj"": {""max_weight"": 1.4695726233785964, ""max_weight_position"": 29.708308434364707, ""min_weight"": 0.3738430602034884, ""min_weight_distance"": 20.918481069995735}, ""mlp.down_proj"": {""max_weight"": 0.8639183950600853, ""max_weight_position"": 34.52223503070568, ""min_weight"": 0.1477172326407139, ""min_weight_distance"": 9.940324063650039}}"
86,COMPLETE,2026-09-23 18:13:23.175657,2026-09-23 18:14:03.349149,40.173492,79,0.21639811992645264,per layer,21.70632440011508,1.3436397624490686,31.174608149821236,0.2836091114612859,17.087983573550556,1.2576163016653579,30.68223411552318,0.0007468937731349087,23.05358291232756,,"{""attn.o_proj"": {""max_weight"": 1.3436397624490686, ""max_weight_position"": 31.174608149821236, ""min_weight"": 0.38106847915223363, ""min_weight_distance"": 17.087983573550556}, ""mlp.down_proj"": {""max_weight"": 1.2576163016653579, ""max_weight_position"": 30.68223411552318, ""min_weight"": 0.0009393057847068087, ""min_weight_distance"": 23.05358291232756}}"
87,COMPLETE,2026-09-23 18:14:03.393661,2026-09-23 18:14:42.121095,38.727434,92,0.037787064909935,per layer,22.106471873316405,1.1009005850992353,33.31165358819627,0.427542072422854,8.678924154692147,1.270412646303467,28.77240420894322,0.2005677056901567,9.849210744487523,,"{""attn.o_proj"": {""max_weight"": 1.1009005850992353, ""max_weight_position"": 33.31165358819627, ""min_weight"": 0.4706813176848596, ""min_weight_distance"": 8.678924154692147}, ""mlp.down_proj"": {""max_weight"": 1.270412646303467, ""max_weight_position"": 28.77240420894322, ""min_weight"": 0.2548037497488469, ""min_weight_distance"": 9.849210744487523}}"
88,COMPLETE,2026-09-23 18:14:42.193999,2026-09-23 18:15:20.254829,38.06083,100,0.0022028470411896706,per layer,42.109878874196966,1.2344238821718856,39.199723060561226,0.5350700430562875,12.113849837853117,-0.04339589814578784,36.58070140798272,0.9785446305995074,20.950610768430888,,"{""attn.o_proj"": {""max_weight"": 1.2344238821718856, ""max_weight_position"": 39.199723060561226, ""min_weight"": 0.6605032397834204, ""min_weight_distance"": 12.113849837853117}, ""mlp.down_proj"": {""max_weight"": 0.0, ""max_weight_position"": 36.58070140798272, ""min_weight"": 0.0, ""min_weight_distance"": 20.950610768430888}}"
89,COMPLETE,2026-09-23 18:15:20.321601,2026-09-23 18:15:59.676320,39.354719,78,0.01806068979203701,global,25.2069849596465,1.4943697512448797,32.226501913544595,0.30217162805782816,21.346609517013857,1.3457921794541066,30.177154853255672,0.07233346171323071,9.953574895125325,25.2069849596465,"{""attn.o_proj"": {""max_weight"": 1.4943697512448797, ""max_weight_position"": 32.226501913544595, ""min_weight"": 0.451556140654037, ""min_weight_distance"": 21.346609517013857}, ""mlp.down_proj"": {""max_weight"": 1.3457921794541066, ""max_weight_position"": 30.177154853255672, ""min_weight"": 0.09734580708650893, ""min_weight_distance"": 9.953574895125325}}"
90,COMPLETE,2026-09-23 18:15:59.743470,2026-09-23 18:16:38.776153,39.032683,93,0.007648648228496313,global,23.08194440125257,1.475369046377857,33.36387297629182,0.398934872947339,24.970715688336092,1.3663556244603763,28.63061665257421,0.3106951823795765,5.367931750880176,23.08194440125257,"{""attn.o_proj"": {""max_weight"": 1.475369046377857, ""max_weight_position"": 33.36387297629182, ""min_weight"": 0.5885761630671871, ""min_weight_distance"": 24.970715688336092}, ""mlp.down_proj"": {""max_weight"": 1.3663556244603763, ""max_weight_position"": 28.63061665257421, ""min_weight"": 0.42452010993707673, ""min_weight_distance"": 5.367931750880176}}"
91,COMPLETE,2026-09-23 18:16:38.850710,2026-09-23 18:17:18.673717,39.823007,94,0.028329040855169296,global,29.152988454004475,1.4247299587896194,34.61390710809126,0.14711965545309097,19.92202408931389,1.0463488530137435,30.928631659146276,0.03961271442659466,15.109954804411242,29.152988454004475,"{""attn.o_proj"": {""max_weight"": 1.4247299587896194, ""max_weight_position"": 34.61390710809126, ""min_weight"": 0.2096057806508253, ""min_weight_distance"": 19.92202408931389}, ""mlp.down_proj"": {""max_weight"": 1.0463488530137435, ""max_weight_position"": 30.928631659146276, ""min_weight"": 0.0414487183050283, ""min_weight_distance"": 15.109954804411242}}"
92,COMPLETE,2026-09-23 18:17:18.758766,2026-09-23 18:17:57.698246,38.93948,98,0.006816195789724588,global,23.537044728312768,1.4995119220119,29.95128785614323,0.3237657537011858,15.623403375926097,1.423825124329692,33.09436113512843,0.11885142073940641,8.69828873317591,23.537044728312768,"{""attn.o_proj"": {""max_weight"": 1.4995119220119, ""max_weight_position"": 29.95128785614323, ""min_weight"": 0.48549060761409657, ""min_weight_distance"": 15.623403375926097}, ""mlp.down_proj"": {""max_weight"": 1.423825124329692, ""max_weight_position"": 33.09436113512843, ""min_weight"": 0.16922363891104586, ""min_weight_distance"": 8.69828873317591}}"
93,COMPLETE,2026-09-23 18:17:57.779851,2026-09-23 18:18:37.361278,39.581427,74,0.058728862553834915,per layer,24.119814183475334,1.3618338294961954,28.88739880519932,0.4147051372063044,15.563847620889856,1.259333872519021,30.719292302902645,0.005424249013999127,12.041806679235053,,"{""attn.o_proj"": {""max_weight"": 1.3618338294961954, ""max_weight_position"": 28.88739880519932, ""min_weight"": 0.5647594851134067, ""min_weight_distance"": 15.563847620889856}, ""mlp.down_proj"": {""max_weight"": 1.259333872519021, ""max_weight_position"": 30.719292302902645, ""min_weight"": 0.006830940516307003, ""min_weight_distance"": 12.041806679235053}}"
94,COMPLETE,2026-09-23 18:18:37.432507,2026-09-23 18:19:16.676199,39.243692,80,0.03514726087450981,per layer,27.26103049756962,1.2479040920438997,30.698643112975592,0.6095397140954862,19.995295356578545,1.3398794426569767,32.61942394696296,0.001997877890056061,9.430810364626982,,"{""attn.o_proj"": {""max_weight"": 1.2479040920438997, ""max_weight_position"": 30.698643112975592, ""min_weight"": 0.760647103483026, ""min_weight_distance"": 19.995295356578545}, ""mlp.down_proj"": {""max_weight"": 1.3398794426569767, ""max_weight_position"": 32.61942394696296, ""min_weight"": 0.0026769155138250114, ""min_weight_distance"": 9.430810364626982}}"
95,COMPLETE,2026-09-23 18:19:16.747770,2026-09-23 18:19:54.753363,38.005593,92,0.009962770156562328,per layer,20.02697840425221,1.3904435098921932,28.361686794997265,0.435066124558208,9.35724677933426,1.456189801146856,29.748779589647924,0.11095305345654866,1.5716660133627993,,"{""attn.o_proj"": {""max_weight"": 1.3904435098921932, ""max_weight_position"": 28.361686794997265, ""min_weight"": 0.6049348692659088, ""min_weight_distance"": 9.35724677933426}, ""mlp.down_proj"": {""max_weight"": 1.456189801146856, ""max_weight_position"": 29.748779589647924, ""min_weight"": 0.16156870484952807, ""min_weight_distance"": 1.5716660133627993}}"
96,COMPLETE,2026-09-23 18:19:54.822788,2026-09-23 18:20:34.768806,39.946018,69,0.024250300601124763,global,26.06958022133516,1.2718897313493716,28.419595813573196,0.642189585004953,17.010645784545787,1.040584208786117,30.66550180218407,0.004771928920028768,20.50554472467738,26.06958022133516,"{""attn.o_proj"": {""max_weight"": 1.2718897313493716, ""max_weight_position"": 28.419595813573196, ""min_weight"": 0.8167943387473141, ""min_weight_distance"": 17.010645784545787}, ""mlp.down_proj"": {""max_weight"": 1.040584208786117, ""max_weight_position"": 30.66550180218407, ""min_weight"": 0.004965593879631726, ""min_weight_distance"": 20.50554472467738}}"
97,COMPLETE,2026-09-23 18:20:34.864134,2026-09-23 18:21:14.659970,39.795836,90,0.014211147092282772,global,27.84245331632765,1.286412217331443,29.28505928285068,0.7123524981405214,12.751107195965218,0.5479914048830572,30.495841743321698,0.10446408793125415,18.61603104394969,27.84245331632765,"{""attn.o_proj"": {""max_weight"": 1.286412217331443, ""max_weight_position"": 29.28505928285068, ""min_weight"": 0.9163789566545407, ""min_weight_distance"": 12.751107195965218}, ""mlp.down_proj"": {""max_weight"": 0.5479914048830572, ""max_weight_position"": 30.495841743321698, ""min_weight"": 0.057245422305275184, ""min_weight_distance"": 18.61603104394969}}"
98,COMPLETE,2026-09-23 18:21:14.732949,2026-09-23 18:21:54.875061,40.142112,79,0.08060118556022644,global,23.630500204028188,1.3590090215973143,31.0734481279332,0.7557191711314817,18.305494550441615,1.4898383870493686,28.64911386823496,0.08226040573464004,20.89653694696317,23.630500204028188,"{""attn.o_proj"": {""max_weight"": 1.3590090215973143, ""max_weight_position"": 31.0734481279332, ""min_weight"": 1.0270291713617283, ""min_weight_distance"": 18.305494550441615}, ""mlp.down_proj"": {""max_weight"": 1.4898383870493686, ""max_weight_position"": 28.64911386823496, ""min_weight"": 0.12255471019772274, ""min_weight_distance"": 20.89653694696317}}"
99,COMPLETE,2026-09-23 18:21:54.951734,2026-09-23 18:22:35.080596,40.128862,90,0.023080741986632347,global,29.864126061076785,1.2111380418985698,30.12181183395875,0.44262169453921896,17.75336700519809,1.4250207964753763,36.925605435572756,0.12130138651863437,21.208155501214165,29.864126061076785,"{""attn.o_proj"": {""max_weight"": 1.2111380418985698, ""max_weight_position"": 30.12181183395875, ""min_weight"": 0.5360759724260565, ""min_weight_distance"": 17.75336700519809}, ""mlp.down_proj"": {""max_weight"": 1.4250207964753763, ""max_weight_position"": 36.925605435572756, ""min_weight"": 0.17285699843035182, ""min_weight_distance"": 21.208155501214165}}"
100,COMPLETE,2026-09-23 18:22:35.152751,2026-09-23 18:23:13.848445,38.695694,83,0.007022995501756668,per layer,22.58530805951455,1.3259048662672384,33.4720291611114,0.925524432193979,12.804106057773014,0.7020753258010672,45.4343842718972,0.24775119138151586,7.162146245200891,,"{""attn.o_proj"": {""max_weight"": 1.3259048662672384, ""max_weight_position"": 33.4720291611114, ""min_weight"": 1.2271573484952194, ""min_weight_distance"": 12.804106057773014}, ""mlp.down_proj"": {""max_weight"": 0.7020753258010672, ""max_weight_position"": 45.4343842718972, ""min_weight"": 0.17393999840678032, ""min_weight_distance"": 7.162146245200891}}"
101,COMPLETE,2026-09-23 18:23:13.917880,2026-09-23 18:23:54.180993,40.263113,77,0.026898249983787537,global,28.04275969616159,1.0961271054444788,28.774346903300486,0.7605768191856266,18.13556832812282,1.0927639223436174,31.672075933250184,0.009112106153125715,25.96858377328882,28.04275969616159,"{""attn.o_proj"": {""max_weight"": 1.0961271054444788, ""max_weight_position"": 28.774346903300486, ""min_weight"": 0.8336888672821096, ""min_weight_distance"": 18.13556832812282}, ""mlp.down_proj"": {""max_weight"": 1.0927639223436174, ""max_weight_position"": 31.672075933250184, ""min_weight"": 0.009957380860701068, ""min_weight_distance"": 25.96858377328882}}"
102,COMPLETE,2026-09-23 18:23:54.261695,2026-09-23 18:24:34.475936,40.214241,91,0.03006967529654503,global,21.233159801532615,1.200220419116963,29.67957222992165,0.7295107153955412,21.022196888766185,0.7491717536059366,33.95290204336869,0.09778112702542247,26.13522377285239,21.233159801532615,"{""attn.o_proj"": {""max_weight"": 1.200220419116963, ""max_weight_position"": 29.67957222992165, ""min_weight"": 0.875573656582352, ""min_weight_distance"": 21.022196888766185}, ""mlp.down_proj"": {""max_weight"": 0.7491717536059366, ""max_weight_position"": 33.95290204336869, ""min_weight"": 0.07325485840320059, ""min_weight_distance"": 26.13522377285239}}"
103,COMPLETE,2026-09-23 18:24:34.538657,2026-09-23 18:25:14.955856,40.417199,92,0.01747564598917961,global,34.18426855119972,1.4447713859163125,28.69564906559329,0.591697935682451,26.950642886920225,1.13762875013464,29.360507874224936,0.11731497757305263,21.663129179769243,34.18426855119972,"{""attn.o_proj"": {""max_weight"": 1.4447713859163125, ""max_weight_position"": 28.69564906559329, ""min_weight"": 0.8548682465797558, ""min_weight_distance"": 26.950642886920225}, ""mlp.down_proj"": {""max_weight"": 1.13762875013464, ""max_weight_position"": 29.360507874224936, ""min_weight"": 0.1334608913085052, ""min_weight_distance"": 21.663129179769243}}"
104,COMPLETE,2026-09-23 18:25:15.021872,2026-09-23 18:25:53.541206,38.519334,99,0.0018798601813614368,per layer,19.135867790773972,1.3420167940004966,32.661247979602685,0.7936830441789311,5.931277859602102,0.42323441922362737,41.61733484593664,0.37723393140393524,7.571238491087877,,"{""attn.o_proj"": {""max_weight"": 1.3420167940004966, ""max_weight_position"": 32.661247979602685, ""min_weight"": 1.0651359744015636, ""min_weight_distance"": 5.931277859602102}, ""mlp.down_proj"": {""max_weight"": 0.42323441922362737, ""max_weight_position"": 41.61733484593664, ""min_weight"": 0.1596583838691902, ""min_weight_distance"": 7.571238491087877}}"
105,COMPLETE,2026-09-23 18:25:53.592393,2026-09-23 18:26:33.553340,39.960947,85,0.03307012841105461,global,29.882954870338253,1.111505699566843,28.341295719954893,0.6700123555768126,12.790133247942293,1.0693970272226128,28.89976036475463,0.020653575637013852,23.511909829168477,29.882954870338253,"{""attn.o_proj"": {""max_weight"": 1.111505699566843, ""max_weight_position"": 28.341295719954893, ""min_weight"": 0.7447225520038335, ""min_weight_distance"": 12.790133247942293}, ""mlp.down_proj"": {""max_weight"": 1.0693970272226128, ""max_weight_position"": 28.89976036475463, ""min_weight"": 0.022086872387739993, ""min_weight_distance"": 23.511909829168477}}"
106,COMPLETE,2026-09-23 18:26:33.620668,2026-09-23 18:27:13.477143,39.856475,74,0.020690901204943657,global,25.429179405880205,1.2904627791196617,29.280913344831944,0.3549353971596271,14.683383018644648,0.971043941084707,29.778432102680643,5.049776674125907e-05,19.913825144075066,25.429179405880205,"{""attn.o_proj"": {""max_weight"": 1.2904627791196617, ""max_weight_position"": 29.280913344831944, ""min_weight"": 0.45803091902655324, ""min_weight_distance"": 14.683383018644648}, ""mlp.down_proj"": {""max_weight"": 0.971043941084707, ""max_weight_position"": 29.778432102680643, ""min_weight"": 4.903555043240845e-05, ""min_weight_distance"": 19.913825144075066}}"
107,COMPLETE,2026-09-23 18:27:13.544844,2026-09-23 18:27:52.182537,38.637693,76,0.011138510890305042,per layer,20.48349299163869,1.3010782710045576,34.13250053909758,0.9787940765114458,15.263470139773453,0.9698221489363318,46.39553134189295,0.055843083912555935,8.64341638286822,,"{""attn.o_proj"": {""max_weight"": 1.3010782710045576, ""max_weight_position"": 34.13250053909758, ""min_weight"": 1.2734877047370146, ""min_weight_distance"": 15.263470139773453}, ""mlp.down_proj"": {""max_weight"": 0.9698221489363318, ""max_weight_position"": 46.39553134189295, ""min_weight"": 0.054157859643306897, ""min_weight_distance"": 8.64341638286822}}"
108,COMPLETE,2026-09-23 18:27:52.273262,2026-09-23 18:28:30.884646,38.611384,95,0.00627043005079031,per layer,20.395513514283365,1.1264409451397348,36.40493893707882,0.7813018205753159,14.936969619692503,1.2028855356133856,44.85839751974031,5.6529137108171645e-06,8.200206419842177,,"{""attn.o_proj"": {""max_weight"": 1.1264409451397348, ""max_weight_position"": 36.40493893707882, ""min_weight"": 0.8800903612082543, ""min_weight_distance"": 14.936969619692503}, ""mlp.down_proj"": {""max_weight"": 1.2028855356133856, ""max_weight_position"": 44.85839751974031, ""min_weight"": 6.7998081368125566e-06, ""min_weight_distance"": 8.200206419842177}}"
109,COMPLETE,2026-09-23 18:28:30.962911,2026-09-23 18:29:09.280837,38.317926,79,0.006475288420915604,per layer,18.811638837343267,1.3727369126204703,35.54441389752943,0.9788924192122634,13.59103307515179,0.7432967947007535,46.91800191893628,0.11470020425913616,3.7504006333833493,,"{""attn.o_proj"": {""max_weight"": 1.3727369126204703, ""max_weight_position"": 35.54441389752943, ""min_weight"": 1.3437617573370255, ""min_weight_distance"": 13.59103307515179}, ""mlp.down_proj"": {""max_weight"": 0.7432967947007535, ""max_weight_position"": 46.91800191893628, ""min_weight"": 0.08525629417733761, ""min_weight_distance"": 3.7504006333833493}}"
110,COMPLETE,2026-09-23 18:29:09.364694,2026-09-23 18:29:47.877509,38.512815,100,0.0011667785001918674,global,19.468426234741024,1.3556286618001085,38.87356549721606,0.7234833904110554,9.129444096919947,1.0786246543840736,44.35410679092766,0.14671665264973838,7.074133721429748,19.468426234741024,"{""attn.o_proj"": {""max_weight"": 1.3556286618001085, ""max_weight_position"": 38.87356549721606, ""min_weight"": 0.9807748203775445, ""min_weight_distance"": 9.129444096919947}, ""mlp.down_proj"": {""max_weight"": 1.0786246543840736, ""max_weight_position"": 44.35410679092766, ""min_weight"": 0.15825219875671223, ""min_weight_distance"": 7.074133721429748}}"
111,COMPLETE,2026-09-23 18:29:47.978573,2026-09-23 18:30:27.452857,39.474284,88,0.004982967860996723,per layer,19.21583632213111,1.411005875169224,40.06960822753899,0.9599725734680943,17.583144442431102,0.5775498010739009,46.98724318209657,0.5000662332794543,1.0413471603616555,,"{""attn.o_proj"": {""max_weight"": 1.411005875169224, ""max_weight_position"": 40.06960822753899, ""min_weight"": 1.3545269411648007, ""min_weight_distance"": 17.583144442431102}, ""mlp.down_proj"": {""max_weight"": 0.5775498010739009, ""max_weight_position"": 46.98724318209657, ""min_weight"": 0.28881315355432374, ""min_weight_distance"": 1.0413471603616555}}"
112,COMPLETE,2026-09-23 18:30:27.518173,2026-09-23 18:31:05.874053,38.35588,96,0.003880519885569811,per layer,21.988276658387143,1.368789142031746,40.01076414420729,0.9553680808958095,14.822732259747266,0.17555175482521101,44.57402450437431,0.6481477747938363,1.052204043466463,,"{""attn.o_proj"": {""max_weight"": 1.368789142031746, ""max_weight_position"": 40.01076414420729, ""min_weight"": 1.3076974557738907, ""min_weight_distance"": 14.822732259747266}, ""mlp.down_proj"": {""max_weight"": 0.17555175482521101, ""max_weight_position"": 44.57402450437431, ""min_weight"": 0.11378347925111364, ""min_weight_distance"": 1.052204043466463}}"
113,COMPLETE,2026-09-23 18:31:05.963921,2026-09-23 18:31:44.576994,38.613073,77,0.010997742414474487,per layer,23.630095109892707,1.4807987675952548,44.961209348886136,0.9821193092192501,24.963501518330112,0.34758007366001087,43.835748626482875,0.3695210382460983,3.31890191467436,,"{""attn.o_proj"": {""max_weight"": 1.4807987675952548, ""max_weight_position"": 44.961209348886136, ""min_weight"": 1.4543210627233685, ""min_weight_distance"": 24.963501518330112}, ""mlp.down_proj"": {""max_weight"": 0.34758007366001087, ""max_weight_position"": 43.835748626482875, ""min_weight"": 0.12843814969250253, ""min_weight_distance"": 3.31890191467436}}"
114,COMPLETE,2026-09-23 18:31:44.671729,2026-09-23 18:32:23.077241,38.405512,75,0.009423921816051006,per layer,21.335542642562302,1.4410234206001804,37.996298908955374,0.9605704896272524,16.86004273056996,1.0280821425400974,45.439075109456525,0.0290768270146564,1.8396243632403269,,"{""attn.o_proj"": {""max_weight"": 1.4410234206001804, ""max_weight_position"": 37.996298908955374, ""min_weight"": 1.3842045726902534, ""min_weight_distance"": 16.86004273056996}, ""mlp.down_proj"": {""max_weight"": 1.0280821425400974, ""max_weight_position"": 45.439075109456525, ""min_weight"": 0.02989336661549574, ""min_weight_distance"": 1.8396243632403269}}"
115,COMPLETE,2026-09-23 18:32:23.158439,2026-09-23 18:33:01.676178,38.517739,93,0.007180050015449524,per layer,19.598452698320905,1.4795289279128974,40.921664994099615,0.8664697071699571,15.976643004292207,0.8000665417782303,43.97879675156772,0.12595063374357676,6.216048083182846,,"{""attn.o_proj"": {""max_weight"": 1.4795289279128974, ""max_weight_position"": 40.921664994099615, ""min_weight"": 1.2819669969181686, ""min_weight_distance"": 15.976643004292207}, ""mlp.down_proj"": {""max_weight"": 0.8000665417782303, ""max_weight_position"": 43.97879675156772, ""min_weight"": 0.10076888797399995, ""min_weight_distance"": 6.216048083182846}}"
