number,corrected_refusals,kl,p.direction_scope,p.direction_index,p.attn.o_proj.max_weight,p.attn.o_proj.max_weight_position,p.attn.o_proj.min_weight,p.attn.o_proj.min_weight_distance,p.mlp.down_proj.max_weight,p.mlp.down_proj.max_weight_position,p.mlp.down_proj.min_weight,p.mlp.down_proj.min_weight_distance,direction_index_eff,abl_params,duration_s
0,94,0.004301526118069887,global,35.28625933815789,1.335652908640471,37.69651585109827,0.7109502662442033,9.111903269991311,0.7424929048243758,28.434746118394052,0.07349923770273847,3.964808604651576,35.28625933815789,"{""attn.o_proj"": {""max_weight"": 1.335652908640471, ""max_weight_position"": 37.69651585109827, ""min_weight"": 0.9495827910077874, ""min_weight_distance"": 9.111903269991311}, ""mlp.down_proj"": {""max_weight"": 0.7424929048243758, ""max_weight_position"": 28.434746118394052, ""min_weight"": 0.054572662504283574, ""min_weight_distance"": 3.964808604651576}}",13.874536
1,70,0.007675524801015854,per layer,28.453405052387367,1.1354815621704315,34.62115535320629,0.764242165311383,16.41921946254915,0.3653741755405121,45.03475834526613,0.09070927458977673,12.902326746679812,,"{""attn.o_proj"": {""max_weight"": 1.1354815621704315, ""max_weight_position"": 34.62115535320629, ""min_weight"": 0.8677828877442824, ""min_weight_distance"": 16.41921946254915}, ""mlp.down_proj"": {""max_weight"": 0.3653741755405121, ""max_weight_position"": 45.03475834526613, ""min_weight"": 0.0331428264171176, ""min_weight_distance"": 12.902326746679812}}",13.921311
2,39,0.04679075628519058,per layer,34.71555615856434,1.4775578331732049,34.884543380195495,0.6969754975189398,24.37281080763281,0.006565274291605916,39.729108589729364,0.844673207795607,27.95498704977974,,"{""attn.o_proj"": {""max_weight"": 1.4775578331732049, ""max_weight_position"": 34.884543380195495, ""min_weight"": 1.0298216058889011, ""min_weight_distance"": 24.37281080763281}, ""mlp.down_proj"": {""max_weight"": 0.006565274291605916, ""max_weight_position"": 39.729108589729364, ""min_weight"": 0.0055455112959488, ""min_weight_distance"": 27.95498704977974}}",14.788974
3,97,0.006007713731378317,global,26.71310013858545,1.0453603630149255,43.08811714273638,0.025295045763543023,7.208090165205651,0.4420294874368681,45.939562830681275,0.8599730716237928,25.95947442584456,26.71310013858545,"{""attn.o_proj"": {""max_weight"": 1.0453603630149255, ""max_weight_position"": 43.08811714273638, ""min_weight"": 0.026442438221856487, ""min_weight_distance"": 7.208090165205651}, ""mlp.down_proj"": {""max_weight"": 0.4420294874368681, ""max_weight_position"": 45.939562830681275, ""min_weight"": 0.38013345605937415, ""min_weight_distance"": 25.95947442584456}}",13.971455
4,63,0.026792636141180992,per layer,23.64189846648339,1.1596435395178182,37.001544310281716,0.5936196427925672,24.971202538573625,0.7501686670348249,31.002229609718214,0.8836282415397444,5.157938515594083,,"{""attn.o_proj"": {""max_weight"": 1.1596435395178182, ""max_weight_position"": 37.001544310281716, ""min_weight"": 0.6883871836952755, ""min_weight_distance"": 24.971202538573625}, ""mlp.down_proj"": {""max_weight"": 0.7501686670348249, ""max_weight_position"": 31.002229609718214, ""min_weight"": 0.6628702201101964, ""min_weight_distance"": 5.157938515594083}}",13.490873
5,92,0.0017074856441468,per layer,18.863406288820105,1.4601656453219194,33.82298020957671,0.4071242335307148,8.121191221355227,-0.19971559904867744,38.52685927279809,0.6640400492774723,9.86309545749661,,"{""attn.o_proj"": {""max_weight"": 1.4601656453219194, ""max_weight_position"": 33.82298020957671, ""min_weight"": 0.594468819179568, ""min_weight_distance"": 8.121191221355227}, ""mlp.down_proj"": {""max_weight"": 0.0, ""max_weight_position"": 38.52685927279809, ""min_weight"": 0.0, ""min_weight_distance"": 9.86309545749661}}",13.000952
6,65,0.015053139068186283,global,29.901351072329795,1.2832623221092714,34.28813205531377,0.6920298921817408,19.32885295222423,0.5596493700635686,28.40787547445878,0.7604160891076248,26.952401878822062,29.901351072329795,"{""attn.o_proj"": {""max_weight"": 1.2832623221092714, ""max_weight_position"": 34.28813205531377, ""min_weight"": 0.8880558864101694, ""min_weight_distance"": 19.32885295222423}, ""mlp.down_proj"": {""max_weight"": 0.5596493700635686, ""max_weight_position"": 28.40787547445878, ""min_weight"": 0.4255663852552847, ""min_weight_distance"": 26.952401878822062}}",14.218694
7,5,0.25837069749832153,per layer,20.998510387591697,1.3058603245031022,29.356814435097565,0.4259316201493918,18.9284332033305,1.2306890494321627,31.39010548214005,0.4726418364688967,16.34098984990031,,"{""attn.o_proj"": {""max_weight"": 1.3058603245031022, ""max_weight_position"": 29.356814435097565, ""min_weight"": 0.5562072037044168, ""min_weight_distance"": 18.9284332033305}, ""mlp.down_proj"": {""max_weight"": 1.2306890494321627, ""max_weight_position"": 31.39010548214005, ""min_weight"": 0.5816751324457782, ""min_weight_distance"": 16.34098984990031}}",14.009751
8,95,0.002589859301224351,per layer,30.39539790086107,1.0409743294973834,43.93091813775781,0.8389928586602876,1.2604236952408097,1.0276447640986017,44.8299102869405,0.3670353389460309,10.863314402762901,,"{""attn.o_proj"": {""max_weight"": 1.0409743294973834, ""max_weight_position"": 43.93091813775781, ""min_weight"": 0.8733700284969859, ""min_weight_distance"": 1.2604236952408097}, ""mlp.down_proj"": {""max_weight"": 1.0276447640986017, ""max_weight_position"": 44.8299102869405, ""min_weight"": 0.37718194430704427, ""min_weight_distance"": 10.863314402762901}}",13.0782
9,96,0.002927611581981182,per layer,26.039046006841954,0.974699802673833,32.78000784494932,0.07874977488223855,3.9242191064593097,0.4307450670267685,39.25037951458715,0.48952950933232975,11.632205261315393,,"{""attn.o_proj"": {""max_weight"": 0.974699802673833, ""max_weight_position"": 32.78000784494932, ""min_weight"": 0.0767573900383267, ""min_weight_distance"": 3.9242191064593097}, ""mlp.down_proj"": {""max_weight"": 0.4307450670267685, ""max_weight_position"": 39.25037951458715, ""min_weight"": 0.21086242130893548, ""min_weight_distance"": 11.632205261315393}}",13.311543
10,95,0.002040417632088065,per layer,33.80360645824462,1.1535209660475816,36.405084252854266,0.5045441725825995,7.2465938310708236,0.1420199015897604,44.30818832919783,0.599468715310531,19.678844000856213,,"{""attn.o_proj"": {""max_weight"": 1.1535209660475816, ""max_weight_position"": 36.405084252854266, ""min_weight"": 0.582002281371158, ""min_weight_distance"": 7.2465938310708236}, ""mlp.down_proj"": {""max_weight"": 0.1420199015897604, ""max_weight_position"": 44.30818832919783, ""min_weight"": 0.08513648795454172, ""min_weight_distance"": 19.678844000856213}}",14.561294
11,93,0.0022819670848548412,per layer,27.749509133815764,0.9302495731712805,32.17963361875723,0.43707090665945725,5.5636172733736355,1.2888098647606268,39.28875554069061,0.2920482015124508,2.5170793011560244,,"{""attn.o_proj"": {""max_weight"": 0.9302495731712805, ""max_weight_position"": 32.17963361875723, ""min_weight"": 0.4065850243655447, ""min_weight_distance"": 5.5636172733736355}, ""mlp.down_proj"": {""max_weight"": 1.2888098647606268, ""max_weight_position"": 39.28875554069061, ""min_weight"": 0.376394603094846, ""min_weight_distance"": 2.5170793011560244}}",13.061224
12,19,0.2397099733352661,per layer,32.39548365430694,0.8332876454127116,39.76311779302705,0.990646778214411,26.154464997110523,0.8967944773623366,33.356490818881134,0.38644126852553917,24.23166313152547,,"{""attn.o_proj"": {""max_weight"": 0.8332876454127116, ""max_weight_position"": 39.76311779302705, ""min_weight"": 0.8254937212539754, ""min_weight_distance"": 26.154464997110523}, ""mlp.down_proj"": {""max_weight"": 0.8967944773623366, ""max_weight_position"": 33.356490818881134, ""min_weight"": 0.3465583954385993, ""min_weight_distance"": 24.23166313152547}}",14.231047
13,31,0.1988782286643982,per layer,26.61376943579272,0.9363783810360451,41.56471237332608,0.4562498346577709,21.938357853094445,1.0268663580579784,29.973757281833382,0.20594758811356462,26.445093082979383,,"{""attn.o_proj"": {""max_weight"": 0.9363783810360451, ""max_weight_position"": 41.56471237332608, ""min_weight"": 0.4272224815248068, ""min_weight_distance"": 21.938357853094445}, ""mlp.down_proj"": {""max_weight"": 1.0268663580579784, ""max_weight_position"": 29.973757281833382, ""min_weight"": 0.2114806497570007, ""min_weight_distance"": 26.445093082979383}}",14.314561
14,93,0.010438809171319008,global,39.943257682984225,0.835885835595857,37.89984032276931,0.8163433096299509,25.944772312759888,1.3525950736771932,40.64798337499344,0.2406625355262717,25.27903618893159,39.943257682984225,"{""attn.o_proj"": {""max_weight"": 0.835885835595857, ""max_weight_position"": 37.89984032276931, ""min_weight"": 0.682369809503119, ""min_weight_distance"": 25.944772312759888}, ""mlp.down_proj"": {""max_weight"": 1.3525950736771932, ""max_weight_position"": 40.64798337499344, ""min_weight"": 0.3255189599714976, ""min_weight_distance"": 25.27903618893159}}",14.673686
15,71,0.10995439440011978,per layer,29.424054714437975,0.8964048973096775,31.05792147852202,0.8520826582144962,2.3455480307323677,1.0991098142655695,30.691762425024322,0.17895748144278678,19.028140495524873,,"{""attn.o_proj"": {""max_weight"": 0.8964048973096775, ""max_weight_position"": 31.05792147852202, ""min_weight"": 0.7638110677361226, ""min_weight_distance"": 2.3455480307323677}, ""mlp.down_proj"": {""max_weight"": 1.0991098142655695, ""max_weight_position"": 30.691762425024322, ""min_weight"": 0.1966939241900155, ""min_weight_distance"": 19.028140495524873}}",13.607015
16,93,0.02382666990160942,per layer,36.5128017103479,1.0680706940417368,41.50794319650778,0.3200605367444218,13.682071495133789,1.4729156469167977,34.638401305588324,0.8308376794396154,6.4386081250546505,,"{""attn.o_proj"": {""max_weight"": 1.0680706940417368, ""max_weight_position"": 41.50794319650778, ""min_weight"": 0.34184727961598543, ""min_weight_distance"": 13.682071495133789}, ""mlp.down_proj"": {""max_weight"": 1.4729156469167977, ""max_weight_position"": 34.638401305588324, ""min_weight"": 1.2237538180946521, ""min_weight_distance"": 6.4386081250546505}}",13.402569
17,29,0.19418105483055115,per layer,41.73418954369566,1.357875759158727,40.34015137299733,0.7852726966760378,17.95377962723959,1.1033095976232539,29.7607390164875,0.2733348089322023,20.952519265995765,,"{""attn.o_proj"": {""max_weight"": 1.357875759158727, ""max_weight_position"": 40.34015137299733, ""min_weight"": 1.0663027591455956, ""min_weight_distance"": 17.95377962723959}, ""mlp.down_proj"": {""max_weight"": 1.1033095976232539, ""max_weight_position"": 29.7607390164875, ""min_weight"": 0.3015729180594171, ""min_weight_distance"": 20.952519265995765}}",14.265681
18,87,0.021759428083896637,per layer,41.696778913113974,1.4600845769373272,33.52774624456928,0.17645082631373987,2.6756619473540098,1.0094260421633905,37.549418241265904,0.030912815971094743,21.724298238503227,,"{""attn.o_proj"": {""max_weight"": 1.4600845769373272, ""max_weight_position"": 33.52774624456928, ""min_weight"": 0.25763313008853866, ""min_weight_distance"": 2.6756619473540098}, ""mlp.down_proj"": {""max_weight"": 1.0094260421633905, ""max_weight_position"": 37.549418241265904, ""min_weight"": 0.031204201477827414, ""min_weight_distance"": 21.724298238503227}}",13.602627
19,89,0.020833171904087067,per layer,39.2749781381899,1.0561482615563043,38.67596705702728,0.3865526361074135,7.083439272377054,0.4170801968458937,35.16049684344917,0.5087476340557078,21.90193227494506,,"{""attn.o_proj"": {""max_weight"": 1.0561482615563043, ""max_weight_position"": 38.67596705702728, ""min_weight"": 0.4082568946248515, ""min_weight_distance"": 7.083439272377054}, ""mlp.down_proj"": {""max_weight"": 0.4170801968458937, ""max_weight_position"": 35.16049684344917, ""min_weight"": 0.2121885633568373, ""min_weight_distance"": 21.90193227494506}}",14.151694
20,94,0.001313182059675455,per layer,31.75517326576601,1.1320628827291712,43.06944420155723,0.2969240942165984,13.772615878159286,-0.03885969144083759,35.886245912624645,0.9511417312161701,10.434823064679618,,"{""attn.o_proj"": {""max_weight"": 1.1320628827291712, ""max_weight_position"": 43.06944420155723, ""min_weight"": 0.3361367460505904, ""min_weight_distance"": 13.772615878159286}, ""mlp.down_proj"": {""max_weight"": 0.0, ""max_weight_position"": 35.886245912624645, ""min_weight"": 0.0, ""min_weight_distance"": 10.434823064679618}}",13.02754
21,93,0.0018103898037225008,global,39.6387281607985,1.4301949665423357,36.392552533792326,0.9810916982268031,17.49396062880361,0.08698658194620307,39.93273278992113,0.013363461805310672,24.63249457778986,39.6387281607985,"{""attn.o_proj"": {""max_weight"": 1.4301949665423357, ""max_weight_position"": 36.392552533792326, ""min_weight"": 1.4031524085204459, ""min_weight_distance"": 17.49396062880361}, ""mlp.down_proj"": {""max_weight"": 0.08698658194620307, ""max_weight_position"": 39.93273278992113, ""min_weight"": 0.0011624418654126115, ""min_weight_distance"": 24.63249457778986}}",13.991838
22,96,0.00127992348279804,global,35.24217725632163,1.2974141969457884,35.201739466843364,0.6040786281758774,8.36714298013477,0.6095923779483639,41.99575096402623,0.20133045996383636,2.575567862052804,35.24217725632163,"{""attn.o_proj"": {""max_weight"": 1.2974141969457884, ""max_weight_position"": 35.201739466843364, ""min_weight"": 0.7837401882669195, ""min_weight_distance"": 8.36714298013477}, ""mlp.down_proj"": {""max_weight"": 0.6095923779483639, ""max_weight_position"": 41.99575096402623, ""min_weight"": 0.12272951384279288, ""min_weight_distance"": 2.575567862052804}}",13.002251
23,94,0.006783726159483194,per layer,30.283982495084192,1.2695143510990616,46.323568474295556,0.90235766846125,5.115577405065065,0.9524147209894394,39.06705437907602,0.8243785882114625,6.790762780069242,,"{""attn.o_proj"": {""max_weight"": 1.2695143510990616, ""max_weight_position"": 46.323568474295556, ""min_weight"": 1.145556009935846, ""min_weight_distance"": 5.115577405065065}, ""mlp.down_proj"": {""max_weight"": 0.9524147209894394, ""max_weight_position"": 39.06705437907602, ""min_weight"": 0.7851503030810879, ""min_weight_distance"": 6.790762780069242}}",13.061611
24,97,0.002930873539298773,global,26.55538795597595,1.0653373327811184,39.62961230431494,0.42216158144331806,5.990235170259625,0.2706335441484039,28.630584969863552,0.3125834217850647,24.032689582597857,26.55538795597595,"{""attn.o_proj"": {""max_weight"": 1.0653373327811184, ""max_weight_position"": 39.62961230431494, ""min_weight"": 0.44974449317748333, ""min_weight_distance"": 5.990235170259625}, ""mlp.down_proj"": {""max_weight"": 0.2706335441484039, ""max_weight_position"": 28.630584969863552, ""min_weight"": 0.08459555927972746, ""min_weight_distance"": 24.032689582597857}}",13.98951
25,89,0.0041165901347994804,per layer,40.36854733102791,1.2247167280938642,35.26442724278242,0.15826000240125515,12.831610330048825,1.2800055138030604,31.291068057743274,0.7633169188677613,1.161761637891793,,"{""attn.o_proj"": {""max_weight"": 1.2247167280938642, ""max_weight_position"": 35.26442724278242, ""min_weight"": 0.1938236723289923, ""min_weight_distance"": 12.831610330048825}, ""mlp.down_proj"": {""max_weight"": 1.2800055138030604, ""max_weight_position"": 31.291068057743274, ""min_weight"": 0.9770498649298978, ""min_weight_distance"": 1.161761637891793}}",13.253564
26,86,0.014867869205772877,per layer,27.896474918780825,1.4798153967528422,45.4801264601527,0.9004760203170599,14.877065247721916,0.4038972763468962,36.11460301543343,0.3617287958676807,21.835880810362525,,"{""attn.o_proj"": {""max_weight"": 1.4798153967528422, ""max_weight_position"": 45.4801264601527, ""min_weight"": 1.3325382792719103, ""min_weight_distance"": 14.877065247721916}, ""mlp.down_proj"": {""max_weight"": 0.4038972763468962, ""max_weight_position"": 36.11460301543343, ""min_weight"": 0.14610127542719864, ""min_weight_distance"": 21.835880810362525}}",13.815529
27,94,0.02198082208633423,per layer,30.696732416876323,0.8841911092814221,44.7696738560775,0.9826922047808109,1.9872512057422949,1.1158612901502984,31.680250051903112,0.36061925630007785,6.525592109183158,,"{""attn.o_proj"": {""max_weight"": 0.8841911092814221, ""max_weight_position"": 44.7696738560775, ""min_weight"": 0.8688877106273516, ""min_weight_distance"": 1.9872512057422949}, ""mlp.down_proj"": {""max_weight"": 1.1158612901502984, ""max_weight_position"": 31.680250051903112, ""min_weight"": 0.40240106858804603, ""min_weight_distance"": 6.525592109183158}}",12.936174
28,95,0.004692482762038708,global,20.233554755242718,1.216354793845631,30.446878814462707,0.4682292310071259,13.113413698291042,0.7445587739129004,42.91065678546928,0.343805421517836,14.842234172539836,20.233554755242718,"{""attn.o_proj"": {""max_weight"": 1.216354793845631, ""max_weight_position"": 30.446878814462707, ""min_weight"": 0.569532869754171, ""min_weight_distance"": 13.113413698291042}, ""mlp.down_proj"": {""max_weight"": 0.7445587739129004, ""max_weight_position"": 42.91065678546928, ""min_weight"": 0.2559833431099279, ""min_weight_distance"": 14.842234172539836}}",13.780495
29,79,0.07468357682228088,per layer,31.287786757631586,1.4238371390366562,44.74611312183379,0.24959163603575696,1.6579998014257415,1.377852220659138,35.5717159307472,0.11608579037255062,21.648546259249777,,"{""attn.o_proj"": {""max_weight"": 1.4238371390366562, ""max_weight_position"": 44.74611312183379, ""min_weight"": 0.3553778409806306, ""min_weight_distance"": 1.6579998014257415}, ""mlp.down_proj"": {""max_weight"": 1.377852220659138, ""max_weight_position"": 35.5717159307472, ""min_weight"": 0.15994906405179005, ""min_weight_distance"": 21.648546259249777}}",13.473294
30,83,0.038337934762239456,per layer,42.265452583991916,1.205553186549131,42.42374802702001,0.8435246021918145,14.775927106813615,0.6496884129223428,37.66474526610823,0.31628727225808084,27.76658687183276,,"{""attn.o_proj"": {""max_weight"": 1.205553186549131, ""max_weight_position"": 42.42374802702001, ""min_weight"": 1.01691377210493, ""min_weight_distance"": 14.775927106813615}, ""mlp.down_proj"": {""max_weight"": 0.6496884129223428, ""max_weight_position"": 37.66474526610823, ""min_weight"": 0.2054881759408895, ""min_weight_distance"": 27.76658687183276}}",14.04778
31,94,0.007034251466393471,per layer,36.55668868290575,1.0422139367745518,42.92311883441165,0.04921718906405981,14.225669015521136,0.6083769059297524,39.83799847414714,0.27974831235866426,12.979372799424482,,"{""attn.o_proj"": {""max_weight"": 1.0422139367745518, ""max_weight_position"": 42.92311883441165, ""min_weight"": 0.051294840371431186, ""min_weight_distance"": 14.225669015521136}, ""mlp.down_proj"": {""max_weight"": 0.6083769059297524, ""max_weight_position"": 39.83799847414714, ""min_weight"": 0.17019241271183408, ""min_weight_distance"": 12.979372799424482}}",13.517448
32,96,0.0031330042984336615,global,32.170342623064876,1.3226487694360323,45.917182160245495,0.9242628826344974,12.302249497785255,1.1845694654086356,37.52305131397136,0.13274378159987776,7.629444801626338,32.170342623064876,"{""attn.o_proj"": {""max_weight"": 1.3226487694360323, ""max_weight_position"": 45.917182160245495, ""min_weight"": 1.2224751643519178, ""min_weight_distance"": 12.302249497785255}, ""mlp.down_proj"": {""max_weight"": 1.1845694654086356, ""max_weight_position"": 37.52305131397136, ""min_weight"": 0.15724423040608787, ""min_weight_distance"": 7.629444801626338}}",13.456152
33,95,0.001059329486452043,per layer,19.69205981300913,1.3419170450155935,45.83435158370315,0.3460871558694677,8.643169640079961,-0.21511041227033506,44.97622696266346,0.012479316662447282,25.723908048530696,,"{""attn.o_proj"": {""max_weight"": 1.3419170450155935, ""max_weight_position"": 45.83435158370315, ""min_weight"": 0.4644202535222072, ""min_weight_distance"": 8.643169640079961}, ""mlp.down_proj"": {""max_weight"": 0.0, ""max_weight_position"": 44.97622696266346, ""min_weight"": 0.0, ""min_weight_distance"": 25.723908048530696}}",12.959035
34,97,0.0006099306046962738,global,33.008329845916094,1.2068047908482846,38.9877846162864,0.1868274362903105,4.454890468639801,-0.058858661218297775,33.131881972437114,0.6163035772874993,1.6639960337874107,33.008329845916094,"{""attn.o_proj"": {""max_weight"": 1.2068047908482846, ""max_weight_position"": 38.9877846162864, ""min_weight"": 0.2254642451770494, ""min_weight_distance"": 4.454890468639801}, ""mlp.down_proj"": {""max_weight"": 0.0, ""max_weight_position"": 33.131881972437114, ""min_weight"": 0.0, ""min_weight_distance"": 1.6639960337874107}}",12.939973
35,71,0.010776774026453495,per layer,37.712910759954994,1.457141455353892,32.50819544471224,0.034197903779960015,23.82266282462345,0.14951531086397102,31.84905989809772,0.3636019500909804,1.8299550871517556,,"{""attn.o_proj"": {""max_weight"": 1.457141455353892, ""max_weight_position"": 32.50819544471224, ""min_weight"": 0.049831183283983296, ""min_weight_distance"": 23.82266282462345}, ""mlp.down_proj"": {""max_weight"": 0.14951531086397102, ""max_weight_position"": 31.84905989809772, ""min_weight"": 0.05436405859859901, ""min_weight_distance"": 1.8299550871517556}}",13.44041
36,94,0.009613808244466782,global,40.92608766475045,0.8805866320659838,42.76856180894208,0.9779337072418082,14.288024182734462,1.2052854364245358,34.86792532843242,0.7589161983100051,26.632785863219492,40.92608766475045,"{""attn.o_proj"": {""max_weight"": 0.8805866320659838, ""max_weight_position"": 42.76856180894208, ""min_weight"": 0.8611553496438656, ""min_weight_distance"": 14.288024182734462}, ""mlp.down_proj"": {""max_weight"": 1.2052854364245358, ""max_weight_position"": 34.86792532843242, ""min_weight"": 0.914710641289724, ""min_weight_distance"": 26.632785863219492}}",14.076167
37,97,0.005424742121249437,global,25.62812741013691,0.8634650166196551,35.00604838143942,0.8145166082909967,1.9935889089158465,1.3248362709407664,37.16360888284453,0.16095080919104532,15.065154838734076,25.62812741013691,"{""attn.o_proj"": {""max_weight"": 0.8634650166196551, ""max_weight_position"": 35.00604838143942, ""min_weight"": 0.7033065967149706, ""min_weight_distance"": 1.9935889089158465}, ""mlp.down_proj"": {""max_weight"": 1.3248362709407664, ""max_weight_position"": 37.16360888284453, ""min_weight"": 0.2132334698535633, ""min_weight_distance"": 15.065154838734076}}",13.31058
38,97,0.0006252665771171451,global,28.726301985396887,1.1245198985960119,40.54072679299568,0.13525010165780937,11.300147867429402,-0.21954369142123015,45.36964388891234,0.3711928459617799,6.249751959549539,28.726301985396887,"{""attn.o_proj"": {""max_weight"": 1.1245198985960119, ""max_weight_position"": 40.54072679299568, ""min_weight"": 0.1520914306013401, ""min_weight_distance"": 11.300147867429402}, ""mlp.down_proj"": {""max_weight"": 0.0, ""max_weight_position"": 45.36964388891234, ""min_weight"": 0.0, ""min_weight_distance"": 6.249751959549539}}",13.008741
39,87,0.002786597004160285,per layer,27.972161766147913,0.821136473740773,32.894097945113245,0.6017175868107278,11.045423350330022,0.2456345928381416,42.87884706793598,0.98480204415062,5.610813857207085,,"{""attn.o_proj"": {""max_weight"": 0.821136473740773, ""max_weight_position"": 32.894097945113245, ""min_weight"": 0.49409225742156854, ""min_weight_distance"": 11.045423350330022}, ""mlp.down_proj"": {""max_weight"": 0.2456345928381416, ""max_weight_position"": 42.87884706793598, ""min_weight"": 0.2419014491411071, ""min_weight_distance"": 5.610813857207085}}",13.383655
40,84,0.01264160592108965,global,32.04187289094359,1.1192766655794548,31.082562757892905,0.04007411920348303,20.179642521408283,1.330161076552074,43.20461336154763,0.6771435097209595,16.663112646301364,32.04187289094359,"{""attn.o_proj"": {""max_weight"": 1.1192766655794548, ""max_weight_position"": 31.082562757892905, ""min_weight"": 0.04485402651810808, ""min_weight_distance"": 20.179642521408283}, ""mlp.down_proj"": {""max_weight"": 1.330161076552074, ""max_weight_position"": 43.20461336154763, ""min_weight"": 0.9007099398706813, ""min_weight_distance"": 16.663112646301364}}",13.92424
41,66,0.023843908682465553,per layer,27.916640144412895,0.8871654713186036,35.573859739228766,0.7466298988106123,25.90939340356853,0.3946349771781381,45.09693840725191,0.23150000564704665,27.094467043557504,,"{""attn.o_proj"": {""max_weight"": 0.8871654713186036, ""max_weight_position"": 35.573859739228766, ""min_weight"": 0.6623842660788781, ""min_weight_distance"": 25.90939340356853}, ""mlp.down_proj"": {""max_weight"": 0.3946349771781381, ""max_weight_position"": 45.09693840725191, ""min_weight"": 0.0913579994452611, ""min_weight_distance"": 27.094467043557504}}",14.310636
42,94,0.016827471554279327,per layer,20.707173880117146,0.9914719132125418,46.81057253187694,0.6956487695918402,16.90554481002505,1.0927104465907158,35.522484050808224,0.08952500356210458,10.280412108698776,,"{""attn.o_proj"": {""max_weight"": 0.9914719132125418, ""max_weight_position"": 46.81057253187694, ""min_weight"": 0.6897162165111724, ""min_weight_distance"": 16.90554481002505}, ""mlp.down_proj"": {""max_weight"": 1.0927104465907158, ""max_weight_position"": 35.522484050808224, ""min_weight"": 0.09782490662338271, ""min_weight_distance"": 10.280412108698776}}",13.429296
43,62,0.02050943672657013,per layer,19.74196437508657,1.3001684248538212,32.08985260021106,0.25262995261362176,21.93028725527035,0.04773746643899546,31.856750941965675,0.715795166288015,21.851661425348215,,"{""attn.o_proj"": {""max_weight"": 1.3001684248538212, ""max_weight_position"": 32.08985260021106, ""min_weight"": 0.3284614875605481, ""min_weight_distance"": 21.93028725527035}, ""mlp.down_proj"": {""max_weight"": 0.04773746643899546, ""max_weight_position"": 31.856750941965675, ""min_weight"": 0.034170247727869286, ""min_weight_distance"": 21.851661425348215}}",14.220881
44,96,0.0005743639776483178,per layer,39.7690645250466,0.8608309420938871,46.3735620403464,0.502590991896195,8.658475800852349,-0.092752712610608,29.63871079480795,0.9992755258816318,3.1835017901662406,,"{""attn.o_proj"": {""max_weight"": 0.8608309420938871, ""max_weight_position"": 46.3735620403464, ""min_weight"": 0.43264587704190277, ""min_weight_distance"": 8.658475800852349}, ""mlp.down_proj"": {""max_weight"": 0.0, ""max_weight_position"": 29.63871079480795, ""min_weight"": 0.0, ""min_weight_distance"": 3.1835017901662406}}",12.818364
45,86,0.004980942700058222,global,33.691115749168816,1.421942562175185,31.527901420390748,0.6502695878566195,25.246664793542234,-0.14674264560933245,30.914000792448224,0.36151160508403934,12.747432535979712,33.691115749168816,"{""attn.o_proj"": {""max_weight"": 1.421942562175185, ""max_weight_position"": 31.527901420390748, ""min_weight"": 0.9246460038614431, ""min_weight_distance"": 25.246664793542234}, ""mlp.down_proj"": {""max_weight"": 0.0, ""max_weight_position"": 30.914000792448224, ""min_weight"": 0.0, ""min_weight_distance"": 12.747432535979712}}",13.28882
46,97,0.001140092732384801,global,25.20970557411984,1.0364867415484358,38.53861980666168,0.8368933166547248,9.969385806794154,1.4151029466167038,35.45490983602075,0.39116532363649714,1.431900881182661,25.20970557411984,"{""attn.o_proj"": {""max_weight"": 1.0364867415484358, ""max_weight_position"": 38.53861980666168, ""min_weight"": 0.867428826803119, ""min_weight_distance"": 9.969385806794154}, ""mlp.down_proj"": {""max_weight"": 1.4151029466167038, ""max_weight_position"": 35.45490983602075, ""min_weight"": 0.5535392020922837, ""min_weight_distance"": 1.431900881182661}}",13.217144
47,93,0.002270325319841504,global,38.28327271371856,1.3952361406377172,33.90596335448413,0.629061209478275,14.98287012005069,0.29428359153216843,41.18497188653289,0.3351470873157041,1.3224300221628427,38.28327271371856,"{""attn.o_proj"": {""max_weight"": 1.3952361406377172, ""max_weight_position"": 33.90596335448413, ""min_weight"": 0.877688934137363, ""min_weight_distance"": 14.98287012005069}, ""mlp.down_proj"": {""max_weight"": 0.29428359153216843, ""max_weight_position"": 41.18497188653289, ""min_weight"": 0.09862828854681065, ""min_weight_distance"": 1.3224300221628427}}",13.241515
48,93,0.0022700463887304068,global,40.87239608615868,1.2525927062772837,33.15227622365866,0.7168953208903243,9.098398231975944,1.1778839766101659,43.15584027763268,0.05089421168977348,12.622494084876362,40.87239608615868,"{""attn.o_proj"": {""max_weight"": 1.2525927062772837, ""max_weight_position"": 33.15227622365866, ""min_weight"": 0.897977850111533, ""min_weight_distance"": 9.098398231975944}, ""mlp.down_proj"": {""max_weight"": 1.1778839766101659, ""max_weight_position"": 43.15584027763268, ""min_weight"": 0.05994747645158998, ""min_weight_distance"": 12.622494084876362}}",13.439401
49,96,0.0006025510374456644,per layer,38.38447664938904,1.1453616302799037,29.61234963453288,0.20936944959777493,2.9007037550866377,-0.18380213233627782,30.58960805518623,0.09779690989022694,18.954780972809075,,"{""attn.o_proj"": {""max_weight"": 1.1453616302799037, ""max_weight_position"": 29.61234963453288, ""min_weight"": 0.23980373412211362, ""min_weight_distance"": 2.9007037550866377}, ""mlp.down_proj"": {""max_weight"": 0.0, ""max_weight_position"": 30.58960805518623, ""min_weight"": 0.0, ""min_weight_distance"": 18.954780972809075}}",12.773869
50,6,0.2824637293815613,per layer,41.53789786362955,1.0078580294611137,42.215291959073284,0.6205395940163719,26.528766456157843,1.2772427646426443,33.132717104414816,0.8326683261031333,16.548577386211065,,"{""attn.o_proj"": {""max_weight"": 1.0078580294611137, ""max_weight_position"": 42.215291959073284, ""min_weight"": 0.6254158124279401, ""min_weight_distance"": 26.528766456157843}, ""mlp.down_proj"": {""max_weight"": 1.2772427646426443, ""max_weight_position"": 33.132717104414816, ""min_weight"": 1.063519594862329, ""min_weight_distance"": 16.548577386211065}}",14.018274
51,93,0.02110251411795616,per layer,34.93754595670812,1.2112696711202506,44.85399627216432,0.294173885432223,12.49704783904286,0.7490654216316108,41.82885184296859,0.9051468488813411,17.02543531597856,,"{""attn.o_proj"": {""max_weight"": 1.2112696711202506, ""max_weight_position"": 44.85399627216432, ""min_weight"": 0.35632390545965503, ""min_weight_distance"": 12.49704783904286}, ""mlp.down_proj"": {""max_weight"": 0.7490654216316108, ""max_weight_position"": 41.82885184296859, ""min_weight"": 0.6780142059958257, ""min_weight_distance"": 17.02543531597856}}",13.491508
52,97,0.0008437219075858593,global,21.0882679696928,0.9993916880290334,39.83371638729182,0.29754617346961454,8.86790022261646,1.069815189119748,43.02715069627446,0.6067421633079724,13.357930683821355,21.0882679696928,"{""attn.o_proj"": {""max_weight"": 0.9993916880290334, ""max_weight_position"": 39.83371638729182, ""min_weight"": 0.2973651725703777, ""min_weight_distance"": 8.86790022261646}, ""mlp.down_proj"": {""max_weight"": 1.069815189119748, ""max_weight_position"": 43.02715069627446, ""min_weight"": 0.6491019821862435, ""min_weight_distance"": 13.357930683821355}}",13.431498
53,97,0.006966674234718084,global,19.376469531956555,1.1066104074661325,39.65487292814977,0.4641550699508056,14.375881850200637,0.38488689737004567,34.33851287705576,0.32122363530065223,26.15991619599247,19.376469531956555,"{""attn.o_proj"": {""max_weight"": 1.1066104074661325, ""max_weight_position"": 39.65487292814977, ""min_weight"": 0.5136388310857322, ""min_weight_distance"": 14.375881850200637}, ""mlp.down_proj"": {""max_weight"": 0.38488689737004567, ""max_weight_position"": 34.33851287705576, ""min_weight"": 0.12363476835279512, ""min_weight_distance"": 26.15991619599247}}",14.12575
54,94,0.002369254594668746,global,41.75213960302098,0.8658403007871216,34.80381393405317,0.06958978432555363,25.6367267302216,0.5076479582671709,43.03233793037233,0.9999344804266129,19.786651245255584,41.75213960302098,"{""attn.o_proj"": {""max_weight"": 0.8658403007871216, ""max_weight_position"": 34.80381393405317, ""min_weight"": 0.060253639792148275, ""min_weight_distance"": 25.6367267302216}, ""mlp.down_proj"": {""max_weight"": 0.5076479582671709, ""max_weight_position"": 43.03233793037233, ""min_weight"": 0.5076146973895144, ""min_weight_distance"": 19.786651245255584}}",14.039821
55,87,0.003796240082010627,per layer,29.546022982570697,1.2265553005430525,37.3087895676923,0.3847640933914611,14.399946856284853,1.3499833148979605,39.44023395533196,0.5516684673786048,1.4194550679695772,,"{""attn.o_proj"": {""max_weight"": 1.2265553005430525, ""max_weight_position"": 37.3087895676923, ""min_weight"": 0.47193443820793873, ""min_weight_distance"": 14.399946856284853}, ""mlp.down_proj"": {""max_weight"": 1.3499833148979605, ""max_weight_position"": 39.44023395533196, ""min_weight"": 0.7447432263164463, ""min_weight_distance"": 1.4194550679695772}}",13.31261
56,96,0.0013479082845151424,global,38.14275740584639,1.4688189561885374,45.921792152519146,0.30988888991363694,6.255437806117127,1.1651524774595807,41.36636763795114,0.35463413404787414,5.886798062346417,38.14275740584639,"{""attn.o_proj"": {""max_weight"": 1.4688189561885374, ""max_weight_position"": 45.921792152519146, ""min_weight"": 0.4551706758173728, ""min_weight_distance"": 6.255437806117127}, ""mlp.down_proj"": {""max_weight"": 1.1651524774595807, ""max_weight_position"": 41.36636763795114, ""min_weight"": 0.4132028398776136, ""min_weight_distance"": 5.886798062346417}}",13.248174
57,88,0.007910489104688168,per layer,30.586423263772943,1.3749544886389322,44.100777532485104,0.17231372804156564,21.543362271039832,0.19345080063046738,31.740337131841493,0.41679066507472884,13.88134967660555,,"{""attn.o_proj"": {""max_weight"": 1.3749544886389322, ""max_weight_position"": 44.100777532485104, ""min_weight"": 0.23692353382485892, ""min_weight_distance"": 21.543362271039832}, ""mlp.down_proj"": {""max_weight"": 0.19345080063046738, ""max_weight_position"": 31.740337131841493, ""min_weight"": 0.08062848785401128, ""min_weight_distance"": 13.88134967660555}}",13.901621
58,52,0.12778085470199585,per layer,40.152229809377644,0.9822008771775055,29.039957049912342,0.6786047308856499,4.809321506641856,1.3051969775316312,31.682130278182054,0.615137672033594,14.165996240019785,,"{""attn.o_proj"": {""max_weight"": 0.9822008771775055, ""max_weight_position"": 29.039957049912342, ""min_weight"": 0.6665261619326903, ""min_weight_distance"": 4.809321506641856}, ""mlp.down_proj"": {""max_weight"": 1.3051969775316312, ""max_weight_position"": 31.682130278182054, ""min_weight"": 0.8028758303040908, ""min_weight_distance"": 14.165996240019785}}",13.487332
59,83,0.0070855808444321156,per layer,23.44505402202606,0.9140407262271384,37.234499068830424,0.19806400799400048,27.7249000183254,0.13853397475972695,33.614878898431776,0.7051025221187837,9.57752301962177,,"{""attn.o_proj"": {""max_weight"": 0.9140407262271384, ""max_weight_position"": 37.234499068830424, ""min_weight"": 0.18103856970629395, ""min_weight_distance"": 27.7249000183254}, ""mlp.down_proj"": {""max_weight"": 0.13853397475972695, ""max_weight_position"": 33.614878898431776, ""min_weight"": 0.0976806550022234, ""min_weight_distance"": 9.57752301962177}}",13.988863
60,54,0.028147006407380104,per layer,35.415687601328514,1.422819125358103,35.941604785695034,0.5741802634567652,24.196443074995685,-0.08712812520317086,40.99723130185444,0.9867023446871426,26.98285862518095,,"{""attn.o_proj"": {""max_weight"": 1.422819125358103, ""max_weight_position"": 35.941604785695034, ""min_weight"": 0.8169546602494399, ""min_weight_distance"": 24.196443074995685}, ""mlp.down_proj"": {""max_weight"": 0.0, ""max_weight_position"": 40.99723130185444, ""min_weight"": 0.0, ""min_weight_distance"": 26.98285862518095}}",14.257301
61,30,0.0806507021188736,per layer,33.5422301420519,1.431791526718432,33.175433091290024,0.7197518139017226,23.949897249831157,0.13343494403760733,41.93149968940775,0.8696007715277502,27.33368189831007,,"{""attn.o_proj"": {""max_weight"": 1.431791526718432, ""max_weight_position"": 33.175433091290024, ""min_weight"": 1.0305345484847082, ""min_weight_distance"": 23.949897249831157}, ""mlp.down_proj"": {""max_weight"": 0.13343494403760733, ""max_weight_position"": 41.93149968940775, ""min_weight"": 0.1160351302838655, ""min_weight_distance"": 27.33368189831007}}",14.300116
62,27,0.125539630651474,per layer,31.96719024708206,1.3695692695724053,33.4350321326566,0.6492800342306378,23.55640653911801,0.2569541818676031,39.06703956128866,0.9249119361998679,27.02513706113401,,"{""attn.o_proj"": {""max_weight"": 1.3695692695724053, ""max_weight_position"": 33.4350321326566, ""min_weight"": 0.889233982229201, ""min_weight_distance"": 23.55640653911801}, ""mlp.down_proj"": {""max_weight"": 0.2569541818676031, ""max_weight_position"": 39.06703956128866, ""min_weight"": 0.23765998986581777, ""min_weight_distance"": 27.02513706113401}}",14.499932
63,41,0.04123324528336525,per layer,33.36141427118734,1.368085971127638,33.129690460121125,0.728637995831406,24.652558845885412,-0.17727924832504405,41.67088668755395,0.9607876277982573,25.782720331956096,,"{""attn.o_proj"": {""max_weight"": 1.368085971127638, ""max_weight_position"": 33.129690460121125, ""min_weight"": 0.9968394201275049, ""min_weight_distance"": 24.652558845885412}, ""mlp.down_proj"": {""max_weight"": 0.0, ""max_weight_position"": 41.67088668755395, ""min_weight"": 0.0, ""min_weight_distance"": 25.782720331956096}}",13.531585
64,24,0.10149280726909637,per layer,19.507640308738825,1.2810446907520194,28.972551821428773,0.3745529391877453,15.365816874560883,1.285416269851781,31.213478950481715,0.4538740683758052,11.99296679006795,,"{""attn.o_proj"": {""max_weight"": 1.2810446907520194, ""max_weight_position"": 28.972551821428773, ""min_weight"": 0.4798190541520251, ""min_weight_distance"": 15.365816874560883}, ""mlp.down_proj"": {""max_weight"": 1.285416269851781, ""max_weight_position"": 31.213478950481715, ""min_weight"": 0.5834171119540797, ""min_weight_distance"": 11.99296679006795}}",13.988695
65,38,0.12107811123132706,per layer,20.3761294558521,1.348055543603765,28.504442487757192,0.38977088117858205,8.471149841712723,1.149413049275086,28.797944498014708,0.3251901885176739,13.280413193426837,,"{""attn.o_proj"": {""max_weight"": 1.348055543603765, ""max_weight_position"": 28.504442487757192, ""min_weight"": 0.5254327971081119, ""min_weight_distance"": 8.471149841712723}, ""mlp.down_proj"": {""max_weight"": 1.149413049275086, ""max_weight_position"": 28.797944498014708, ""min_weight"": 0.3737778461784396, ""min_weight_distance"": 13.280413193426837}}",13.65415
66,25,0.20737327635288239,per layer,33.76488069425695,0.8041601251987367,40.45904627762041,0.9368917204404226,27.83849762910004,0.9320896612350721,35.344103587265316,0.26366050392421453,26.238290026162154,,"{""attn.o_proj"": {""max_weight"": 0.8041601251987367, ""max_weight_position"": 40.45904627762041, ""min_weight"": 0.75341096320703, ""min_weight_distance"": 27.83849762910004}, ""mlp.down_proj"": {""max_weight"": 0.9320896612350721, ""max_weight_position"": 35.344103587265316, ""min_weight"": 0.24575522978378952, ""min_weight_distance"": 26.238290026162154}}",14.209215
67,3,0.3711971044540405,per layer,24.131014283270613,1.2204785271254626,29.5559308805703,0.35052853830294844,23.898507339228438,1.4215356386474307,31.719816224858935,0.4740769634344039,18.2896055071092,,"{""attn.o_proj"": {""max_weight"": 1.2204785271254626, ""max_weight_position"": 29.5559308805703, ""min_weight"": 0.4278125541434238, ""min_weight_distance"": 23.898507339228438}, ""mlp.down_proj"": {""max_weight"": 1.4215356386474307, ""max_weight_position"": 31.719816224858935, ""min_weight"": 0.6739172989837601, ""min_weight_distance"": 18.2896055071092}}",14.407766
68,50,0.03363978862762451,per layer,19.88928188063458,1.4074623550213572,31.97939055002259,0.5317255631427557,19.041622756624136,1.4709200742542834,34.39478177768761,0.4545821558180823,8.013368848848858,,"{""attn.o_proj"": {""max_weight"": 1.4074623550213572, ""max_weight_position"": 31.97939055002259, ""min_weight"": 0.7483837133259602, ""min_weight_distance"": 19.041622756624136}, ""mlp.down_proj"": {""max_weight"": 1.4709200742542834, ""max_weight_position"": 34.39478177768761, ""min_weight"": 0.6686540183906059, ""min_weight_distance"": 8.013368848848858}}",13.754426
69,68,0.012176052667200565,global,23.69310774775212,1.3000365118275883,28.69443942056069,0.4147033174196033,16.7776770305691,0.9266993504138672,32.76704745365084,0.6032523923123216,11.735320778633753,23.69310774775212,"{""attn.o_proj"": {""max_weight"": 1.3000365118275883, ""max_weight_position"": 28.69443942056069, ""min_weight"": 0.5391294542215103, ""min_weight_distance"": 16.7776770305691}, ""mlp.down_proj"": {""max_weight"": 0.9266993504138672, ""max_weight_position"": 32.76704745365084, ""min_weight"": 0.5590336000914399, ""min_weight_distance"": 11.735320778633753}}",14.158799
70,74,0.0046861739829182625,global,30.29842305168844,1.4618727462610663,31.0444226970261,0.7773491688237811,23.67504161317337,-0.11634654403045147,45.076844146268556,0.7850890363163516,23.35323648490595,30.29842305168844,"{""attn.o_proj"": {""max_weight"": 1.4618727462610663, ""max_weight_position"": 31.0444226970261, ""min_weight"": 1.1363855642321783, ""min_weight_distance"": 23.67504161317337}, ""mlp.down_proj"": {""max_weight"": 0.0, ""max_weight_position"": 45.076844146268556, ""min_weight"": 0.0, ""min_weight_distance"": 23.35323648490595}}",13.632387
71,39,0.04828162491321564,per layer,35.45338062782221,1.367470711234448,34.16938953492625,0.8401196498061951,27.930136222141332,-0.17970006573154862,46.45180437517993,0.8345026477042169,18.819449694709757,,"{""attn.o_proj"": {""max_weight"": 1.367470711234448, ""max_weight_position"": 34.16938953492625, ""min_weight"": 1.148839015042513, ""min_weight_distance"": 27.930136222141332}, ""mlp.down_proj"": {""max_weight"": 0.0, ""max_weight_position"": 46.45180437517993, ""min_weight"": 0.0, ""min_weight_distance"": 18.819449694709757}}",13.661689
72,73,0.01347048394382,per layer,29.478850661671075,0.9866365248755694,33.84858999439033,0.7215076037462839,20.32109377894922,-0.024046281364079936,43.74866818587732,0.21784474453829508,8.600018558479364,,"{""attn.o_proj"": {""max_weight"": 0.9866365248755694, ""max_weight_position"": 33.84858999439033, ""min_weight"": 0.7118657548315329, ""min_weight_distance"": 20.32109377894922}, ""mlp.down_proj"": {""max_weight"": 0.0, ""max_weight_position"": 43.74866818587732, ""min_weight"": 0.0, ""min_weight_distance"": 8.600018558479364}}",13.383052
73,63,0.006615481339395046,global,24.82858155479824,1.4563350983263383,32.8442167026081,0.6868275907722108,21.869359407305847,-0.061604837223795214,44.923131960874876,0.6931816692826727,21.299991959822485,24.82858155479824,"{""attn.o_proj"": {""max_weight"": 1.4563350983263383, ""max_weight_position"": 32.8442167026081, ""min_weight"": 1.0002511269404897, ""min_weight_distance"": 21.869359407305847}, ""mlp.down_proj"": {""max_weight"": 0.0, ""max_weight_position"": 44.923131960874876, ""min_weight"": 0.0, ""min_weight_distance"": 21.299991959822485}}",13.387636
74,1,0.41798245906829834,per layer,20.67515309266903,1.1910629598313938,29.9198361803252,0.25408503562802176,21.046445280498684,1.3822387259649074,30.396903165713187,0.4562695852470085,24.41078517785663,,"{""attn.o_proj"": {""max_weight"": 1.1910629598313938, ""max_weight_position"": 29.9198361803252, ""min_weight"": 0.30263127458397676, ""min_weight_distance"": 21.046445280498684}, ""mlp.down_proj"": {""max_weight"": 1.3822387259649074, ""max_weight_position"": 30.396903165713187, ""min_weight"": 0.6306734902083617, ""min_weight_distance"": 24.41078517785663}}",14.553603
75,13,0.24867969751358032,per layer,24.450380258293745,1.4812430724059726,31.70221080778202,0.5909341852152197,20.477411426307647,0.7984987036728604,33.190110657094415,0.4648449604348312,19.816354935222094,,"{""attn.o_proj"": {""max_weight"": 1.4812430724059726, ""max_weight_position"": 31.70221080778202, ""min_weight"": 0.875317168097912, ""min_weight_distance"": 20.477411426307647}, ""mlp.down_proj"": {""max_weight"": 0.7984987036728604, ""max_weight_position"": 33.190110657094415, ""min_weight"": 0.3711780983160748, ""min_weight_distance"": 19.816354935222094}}",14.451473
76,18,0.1635335087776184,per layer,22.975484769168315,1.4285965538418637,36.51299594336317,0.7362453877221893,22.163326378208673,0.8063365505150897,34.21323233498193,0.2683592568892851,20.058839178841655,,"{""attn.o_proj"": {""max_weight"": 1.4285965538418637, ""max_weight_position"": 36.51299594336317, ""min_weight"": 1.0517976236818865, ""min_weight_distance"": 22.163326378208673}, ""mlp.down_proj"": {""max_weight"": 0.8063365505150897, ""max_weight_position"": 34.21323233498193, ""min_weight"": 0.21638787749889896, ""min_weight_distance"": 20.058839178841655}}",14.256381
77,6,0.3426211178302765,per layer,19.913413771562883,1.2285940008159644,30.26903516192973,0.3765861586441173,14.079826631212605,1.0291235747703453,30.006152160554944,0.9177020599959079,16.558144856277448,,"{""attn.o_proj"": {""max_weight"": 1.2285940008159644, ""max_weight_position"": 30.26903516192973, ""min_weight"": 0.46267149530049156, ""min_weight_distance"": 14.079826631212605}, ""mlp.down_proj"": {""max_weight"": 1.0291235747703453, ""max_weight_position"": 30.006152160554944, ""min_weight"": 0.9444288245570986, ""min_weight_distance"": 16.558144856277448}}",14.077017
78,60,0.010967698879539967,global,22.947701049283914,1.4124124196998253,37.509916914271365,0.7866903124946591,24.463752895668428,0.8810788318232207,34.739502659452675,0.02639821994817601,18.50692979473141,22.947701049283914,"{""attn.o_proj"": {""max_weight"": 1.4124124196998253, ""max_weight_position"": 37.509916914271365, ""min_weight"": 1.1111311678249933, ""min_weight_distance"": 24.463752895668428}, ""mlp.down_proj"": {""max_weight"": 0.8810788318232207, ""max_weight_position"": 34.739502659452675, ""min_weight"": 0.02325891279415136, ""min_weight_distance"": 18.50692979473141}}",14.129833
79,89,0.016499880701303482,global,20.370476798772508,1.4703124305671467,38.22060646770129,0.9301106569318888,19.739117172750845,0.8724034233275506,35.16896576065768,0.1089193363543192,14.55481213399202,20.370476798772508,"{""attn.o_proj"": {""max_weight"": 1.4703124305671467, ""max_weight_position"": 38.22060646770129, ""min_weight"": 1.3675532606899308, ""min_weight_distance"": 19.739117172750845}, ""mlp.down_proj"": {""max_weight"": 0.8724034233275506, ""max_weight_position"": 35.16896576065768, ""min_weight"": 0.09502160190207301, ""min_weight_distance"": 14.55481213399202}}",13.870448
80,38,0.020555885508656502,global,26.430860838412972,1.463490559105661,35.665721897417804,0.5936887683095101,27.62967480820264,1.0287775592724588,39.34596735596659,0.060978286861313374,27.747996178301612,26.430860838412972,"{""attn.o_proj"": {""max_weight"": 1.463490559105661, ""max_weight_position"": 35.665721897417804, ""min_weight"": 0.8688579074680363, ""min_weight_distance"": 27.62967480820264}, ""mlp.down_proj"": {""max_weight"": 1.0287775592724588, ""max_weight_position"": 39.34596735596659, ""min_weight"": 0.06273309312579782, ""min_weight_distance"": 27.747996178301612}}",14.635718
81,48,0.020171117037534714,global,26.411567469217285,1.3334811944647016,32.573265211501976,0.48140079695582555,27.038342109897805,0.9606616118426186,43.33515475300127,0.23093524842016758,27.464342621862937,26.411567469217285,"{""attn.o_proj"": {""max_weight"": 1.3334811944647016, ""max_weight_position"": 32.573265211501976, ""min_weight"": 0.6419389097409135, ""min_weight_distance"": 27.038342109897805}, ""mlp.down_proj"": {""max_weight"": 0.9606616118426186, ""max_weight_position"": 43.33515475300127, ""min_weight"": 0.22185062797859373, ""min_weight_distance"": 27.464342621862937}}",14.303894
82,67,0.018444417044520378,global,26.287861374015378,1.4194245750020649,41.278638679121045,0.43932500666235974,24.099793496384432,1.1059072272772952,39.076322643638534,0.008178679011772952,28.102728441337792,26.287861374015378,"{""attn.o_proj"": {""max_weight"": 1.4194245750020649, ""max_weight_position"": 41.278638679121045, ""min_weight"": 0.6235887108694993, ""min_weight_distance"": 24.099793496384432}, ""mlp.down_proj"": {""max_weight"": 1.1059072272772952, ""max_weight_position"": 39.076322643638534, ""min_weight"": 0.009044860228700834, ""min_weight_distance"": 28.102728441337792}}",14.263563
83,9,0.2937128245830536,per layer,22.423834766334537,1.1389446935792722,28.367857136997873,0.31011293258475797,20.195014498654608,1.1460762769028157,31.112502982096604,0.2830093604070831,23.139967040773026,,"{""attn.o_proj"": {""max_weight"": 1.1389446935792722, ""max_weight_position"": 28.367857136997873, ""min_weight"": 0.35320147897771664, ""min_weight_distance"": 20.195014498654608}, ""mlp.down_proj"": {""max_weight"": 1.1460762769028157, ""max_weight_position"": 31.112502982096604, ""min_weight"": 0.3243503141039969, ""min_weight_distance"": 23.139967040773026}}",14.515638
84,19,0.1346425563097,per layer,32.01475815398984,1.4631866148378108,35.552886329323655,0.6525981066913722,27.171648844648274,1.0538449012425533,37.502444361831444,0.02343281061377695,23.36470732863536,,"{""attn.o_proj"": {""max_weight"": 1.4631866148378108, ""max_weight_position"": 35.552886329323655, ""min_weight"": 0.9548728145793134, ""min_weight_distance"": 27.171648844648274}, ""mlp.down_proj"": {""max_weight"": 1.0538449012425533, ""max_weight_position"": 37.502444361831444, ""min_weight"": 0.024694547987111223, ""min_weight_distance"": 23.36470732863536}}",14.265064
85,33,0.08315255492925644,per layer,30.89688135494843,1.3867900521260081,36.538077309703354,0.7613433503624681,27.48756903587774,1.3846278360861288,40.52335969259669,0.08259537318751131,19.964984879487943,,"{""attn.o_proj"": {""max_weight"": 1.3867900521260081, ""max_weight_position"": 36.538077309703354, ""min_weight"": 1.055823384534957, ""min_weight_distance"": 27.48756903587774}, ""mlp.down_proj"": {""max_weight"": 1.3846278360861288, ""max_weight_position"": 40.52335969259669, ""min_weight"": 0.11436385284735005, ""min_weight_distance"": 19.964984879487943}}",14.117654
86,77,0.01813664846122265,global,33.17951124780447,1.4398811562763563,33.268530039481014,0.740460914498297,23.214286987634686,1.0794622402763914,37.21400857444727,0.0478487184654164,27.914257098318885,33.17951124780447,"{""attn.o_proj"": {""max_weight"": 1.4398811562763563, ""max_weight_position"": 33.268530039481014, ""min_weight"": 1.066175717745256, ""min_weight_distance"": 23.214286987634686}, ""mlp.down_proj"": {""max_weight"": 1.0794622402763914, ""max_weight_position"": 37.21400857444727, ""min_weight"": 0.05165088482903272, ""min_weight_distance"": 27.914257098318885}}",14.515921
87,0,0.6026358008384705,per layer,20.212340536279573,1.4313953486853463,30.031387709539672,0.6964976924817805,23.661948256552122,1.4636017985611196,28.335773941364444,0.6464124014910644,21.016063968475848,,"{""attn.o_proj"": {""max_weight"": 1.4313953486853463, ""max_weight_position"": 30.031387709539672, ""min_weight"": 0.9969635573884973, ""min_weight_distance"": 23.661948256552122}, ""mlp.down_proj"": {""max_weight"": 1.4636017985611196, ""max_weight_position"": 28.335773941364444, ""min_weight"": 0.9460903534345344, ""min_weight_distance"": 21.016063968475848}}",14.715736
88,11,0.21226705610752106,per layer,26.36118886777234,1.4488973966939493,36.12071815837824,0.7495563993240644,28.0859847206766,0.6172104499036672,35.45246528738832,0.23193486702146188,27.618309754406692,,"{""attn.o_proj"": {""max_weight"": 1.4488973966939493, ""max_weight_position"": 36.12071815837824, ""min_weight"": 1.0860303156559272, ""min_weight_distance"": 28.0859847206766}, ""mlp.down_proj"": {""max_weight"": 0.6172104499036672, ""max_weight_position"": 35.45246528738832, ""min_weight"": 0.14315262362266373, ""min_weight_distance"": 27.618309754406692}}",14.450457
89,48,0.06997770071029663,per layer,37.25100956846446,1.3161911207929726,38.26473788841163,0.4271477068030702,27.597168428240575,0.684515931702339,32.96504067129124,0.08384787855982265,18.9873231776938,,"{""attn.o_proj"": {""max_weight"": 1.3161911207929726, ""max_weight_position"": 38.26473788841163, ""min_weight"": 0.562208018961281, ""min_weight_distance"": 27.597168428240575}, ""mlp.down_proj"": {""max_weight"": 0.684515931702339, ""max_weight_position"": 32.96504067129124, ""min_weight"": 0.05739520871364158, ""min_weight_distance"": 18.9873231776938}}",14.313763
90,29,0.08288569748401642,per layer,27.941551246429988,1.4204441146948192,40.12818511600729,0.7980898609447461,27.10750341183542,0.36677115187763726,40.14512657075971,0.4484889474792521,24.97128533670999,,"{""attn.o_proj"": {""max_weight"": 1.4204441146948192, ""max_weight_position"": 40.12818511600729, ""min_weight"": 1.1336420459765713, ""min_weight_distance"": 27.10750341183542}, ""mlp.down_proj"": {""max_weight"": 0.36677115187763726, ""max_weight_position"": 40.14512657075971, ""min_weight"": 0.16449280787135445, ""min_weight_distance"": 24.97128533670999}}",14.309423
91,80,0.006307162810117006,per layer,21.155186123582126,0.8735768267387605,30.555156447412735,0.6504108974663294,13.989246723008664,0.39408324089991664,43.660428501463485,0.9015297007971778,5.900383192002139,,"{""attn.o_proj"": {""max_weight"": 0.8735768267387605, ""max_weight_position"": 30.555156447412735, ""min_weight"": 0.5681838878849453, ""min_weight_distance"": 13.989246723008664}, ""mlp.down_proj"": {""max_weight"": 0.39408324089991664, ""max_weight_position"": 43.660428501463485, ""min_weight"": 0.355277746257684, ""min_weight_distance"": 5.900383192002139}}",13.565123
92,54,0.049632925540208817,per layer,25.009056965502882,1.27480091315938,45.05162406554056,0.6563447889178387,25.834628875504038,0.6225582770465924,42.39222845903874,0.45134297042399035,26.92209172294709,,"{""attn.o_proj"": {""max_weight"": 1.27480091315938, ""max_weight_position"": 45.05162406554056, ""min_weight"": 0.8367089362598612, ""min_weight_distance"": 25.834628875504038}, ""mlp.down_proj"": {""max_weight"": 0.6225582770465924, ""max_weight_position"": 42.39222845903874, ""min_weight"": 0.28098730202425054, ""min_weight_distance"": 26.92209172294709}}",14.364749
93,32,0.0699872300028801,per layer,30.660631557498295,1.453665994188932,30.270459669673514,0.5490436802741037,25.83351196576724,0.6177372362927912,38.11042034925849,0.006023107567231411,23.27303241736457,,"{""attn.o_proj"": {""max_weight"": 1.453665994188932, ""max_weight_position"": 30.270459669673514, ""min_weight"": 0.7981261273388051, ""min_weight_distance"": 25.83351196576724}, ""mlp.down_proj"": {""max_weight"": 0.6177372362927912, ""max_weight_position"": 38.11042034925849, ""min_weight"": 0.003720697822475729, ""min_weight_distance"": 23.27303241736457}}",14.227303
94,88,0.0068066841922700405,global,21.09203041536842,1.351943387600206,32.76885467092744,0.6707762097537701,20.602778433815217,-0.03412501858966638,46.85972308611217,0.7495801459981617,10.128221363530043,21.09203041536842,"{""attn.o_proj"": {""max_weight"": 1.351943387600206, ""max_weight_position"": 32.76885467092744, ""min_weight"": 0.9068514613361383, ""min_weight_distance"": 20.602778433815217}, ""mlp.down_proj"": {""max_weight"": 0.0, ""max_weight_position"": 46.85972308611217, ""min_weight"": 0.0, ""min_weight_distance"": 10.128221363530043}}",13.33996
95,33,0.07224414497613907,per layer,31.783338272606972,1.408941168844404,28.535829570468564,0.4564948499662801,27.955849172583896,0.7287645387088776,38.748458371995284,0.020103927539391567,21.946433895362965,,"{""attn.o_proj"": {""max_weight"": 1.408941168844404, ""max_weight_position"": 28.535829570468564, ""min_weight"": 0.6431743874829415, ""min_weight_distance"": 27.955849172583896}, ""mlp.down_proj"": {""max_weight"": 0.7287645387088776, ""max_weight_position"": 38.748458371995284, ""min_weight"": 0.014651029479481395, ""min_weight_distance"": 21.946433895362965}}",14.560067
96,72,0.006485587917268276,global,22.91580018502653,1.4336297689341635,37.8245612877395,0.8765861964453912,23.888539172977996,-0.1275825699230794,46.5748741807523,0.34205380459706614,21.67134068011617,22.91580018502653,"{""attn.o_proj"": {""max_weight"": 1.4336297689341635, ""max_weight_position"": 37.8245612877395, ""min_weight"": 1.2567000662608834, ""min_weight_distance"": 23.888539172977996}, ""mlp.down_proj"": {""max_weight"": 0.0, ""max_weight_position"": 46.5748741807523, ""min_weight"": 0.0, ""min_weight_distance"": 21.67134068011617}}",13.419979
97,14,0.1348697692155838,per layer,22.58077207561202,1.491649640633247,38.71912475155515,0.9682262758819211,25.685556666693813,0.3461317416766973,32.25848792223059,0.008465343297718225,28.07757599875085,,"{""attn.o_proj"": {""max_weight"": 1.491649640633247, ""max_weight_position"": 38.71912475155515, ""min_weight"": 1.4442543764709346, ""min_weight_distance"": 25.685556666693813}, ""mlp.down_proj"": {""max_weight"": 0.3461317416766973, ""max_weight_position"": 32.25848792223059, ""min_weight"": 0.0029301240195303657, ""min_weight_distance"": 28.07757599875085}}",14.52916
98,58,0.01868976466357708,per layer,20.971955686572578,1.43332402386965,40.37811182509812,0.7468536554909402,23.40387725595941,-0.04107689904402667,32.89817765141034,0.05507859332120979,25.511130136794698,,"{""attn.o_proj"": {""max_weight"": 1.43332402386965, ""max_weight_position"": 40.37811182509812, ""min_weight"": 1.0704832867300318, ""min_weight_distance"": 23.40387725595941}, ""mlp.down_proj"": {""max_weight"": 0.0, ""max_weight_position"": 32.89817765141034, ""min_weight"": 0.0, ""min_weight_distance"": 25.511130136794698}}",13.301917
99,16,0.152840718626976,per layer,28.413156666023173,1.4640418724458892,32.61692194788691,0.9902776815663925,23.447992602244035,0.3195718398518053,33.33186210260809,0.006855901788896628,26.44243676118076,,"{""attn.o_proj"": {""max_weight"": 1.4640418724458892, ""max_weight_position"": 32.61692194788691, ""min_weight"": 1.4498079911618353, ""min_weight_distance"": 23.447992602244035}, ""mlp.down_proj"": {""max_weight"": 0.3195718398518053, ""max_weight_position"": 33.33186210260809, ""min_weight"": 0.0021909531485209788, ""min_weight_distance"": 26.44243676118076}}",14.327911
100,11,0.1905185878276825,per layer,19.06949030320122,1.3903072237583736,35.75795159046462,0.99978626350203,27.78623268296423,0.4398293890215752,29.584016834631257,0.018333368954413235,25.245724285065624,,"{""attn.o_proj"": {""max_weight"": 1.3903072237583736, ""max_weight_position"": 35.75795159046462, ""min_weight"": 1.3900100643612652, ""min_weight_distance"": 27.78623268296423}, ""mlp.down_proj"": {""max_weight"": 0.4398293890215752, ""max_weight_position"": 29.584016834631257, ""min_weight"": 0.008063554465926688, ""min_weight_distance"": 25.245724285065624}}",14.563846
101,0,0.5815575122833252,per layer,29.876251736131536,1.1886998045303603,30.214737185320264,0.12488911421763382,27.26448285979791,1.4500560838926573,28.5712692502591,0.8108088989044742,18.952333672040613,,"{""attn.o_proj"": {""max_weight"": 1.1886998045303603, ""max_weight_position"": 30.214737185320264, ""min_weight"": 0.14845566565847115, ""min_weight_distance"": 27.26448285979791}, ""mlp.down_proj"": {""max_weight"": 1.4500560838926573, ""max_weight_position"": 28.5712692502591, ""min_weight"": 1.1757183767307393, ""min_weight_distance"": 18.952333672040613}}",14.42644
102,86,0.002709852997213602,per layer,36.737529633078005,0.8232123082413423,34.16828638096275,0.6815902857695142,12.355521752702098,0.38151180278732355,43.003255287793046,0.8475490852389789,5.47346963106724,,"{""attn.o_proj"": {""max_weight"": 0.8232123082413423, ""max_weight_position"": 34.16828638096275, ""min_weight"": 0.5610935124231979, ""min_weight_distance"": 12.355521752702098}, ""mlp.down_proj"": {""max_weight"": 0.38151180278732355, ""max_weight_position"": 43.003255287793046, ""min_weight"": 0.3233499794602698, ""min_weight_distance"": 5.47346963106724}}",13.305984
103,15,0.16003228724002838,per layer,21.848858094913727,1.3452776057799245,38.425428120236504,0.9873438025167707,23.919100595439822,0.45007063191540375,29.832853695147246,0.027237389991424957,27.49448920011978,,"{""attn.o_proj"": {""max_weight"": 1.3452776057799245, ""max_weight_position"": 38.425428120236504, ""min_weight"": 1.3282515067314078, ""min_weight_distance"": 23.919100595439822}, ""mlp.down_proj"": {""max_weight"": 0.45007063191540375, ""max_weight_position"": 29.832853695147246, ""min_weight"": 0.012258749325166924, ""min_weight_distance"": 27.49448920011978}}",14.466404
104,14,0.16036005318164825,per layer,24.257944954485502,1.3732158920557835,28.98473716674083,0.12698536567817792,21.511021059440278,1.376375314536332,32.63767178087294,0.49116027522609074,13.831591766055826,,"{""attn.o_proj"": {""max_weight"": 1.3732158920557835, ""max_weight_position"": 28.98473716674083, ""min_weight"": 0.17437832220778898, ""min_weight_distance"": 21.511021059440278}, ""mlp.down_proj"": {""max_weight"": 1.376375314536332, ""max_weight_position"": 32.63767178087294, ""min_weight"": 0.676020878302062, ""min_weight_distance"": 13.831591766055826}}",14.093735
105,46,0.056675855070352554,global,20.88984344683379,1.4827055844022268,31.210020610344266,0.7999679111869002,27.818953934534772,1.3662067498892663,40.0389379146697,0.2590952618729166,23.38720957359471,20.88984344683379,"{""attn.o_proj"": {""max_weight"": 1.4827055844022268, ""max_weight_position"": 31.210020610344266, ""min_weight"": 1.1861168892594016, ""min_weight_distance"": 27.818953934534772}, ""mlp.down_proj"": {""max_weight"": 1.3662067498892663, ""max_weight_position"": 40.0389379146697, ""min_weight"": 0.3539776956351057, ""min_weight_distance"": 23.38720957359471}}",14.485083
106,95,0.001761964289471507,global,21.481631609551506,1.3912937937168781,35.68687618846022,0.2240991840676438,15.214513745655612,0.2390049786130129,42.37641316529866,0.6575783107174077,21.425279911902354,21.481631609551506,"{""attn.o_proj"": {""max_weight"": 1.3912937937168781, ""max_weight_position"": 35.68687618846022, ""min_weight"": 0.31178780397032907, ""min_weight_distance"": 15.214513745655612}, ""mlp.down_proj"": {""max_weight"": 0.2390049786130129, ""max_weight_position"": 42.37641316529866, ""min_weight"": 0.15716449008939518, ""min_weight_distance"": 21.425279911902354}}",13.966884
107,19,0.09792789816856384,per layer,18.877804475149883,1.3527658502994786,30.822079893802567,0.9452487670695502,26.55802396030078,0.36213668041718755,30.978463961909068,0.08314134038552448,16.512546876425546,,"{""attn.o_proj"": {""max_weight"": 1.3527658502994786, ""max_weight_position"": 30.822079893802567, ""min_weight"": 1.2787002521293738, ""min_weight_distance"": 26.55802396030078}, ""mlp.down_proj"": {""max_weight"": 0.36213668041718755, ""max_weight_position"": 30.978463961909068, ""min_weight"": 0.030108529012649286, ""min_weight_distance"": 16.512546876425546}}",14.400214
108,20,0.10436370968818665,per layer,19.32138262330981,1.3474767584385137,29.70886978523155,0.869699166134585,24.63389065655675,0.24854333861128813,29.595767385598535,0.19242753424483372,19.12972183008065,,"{""attn.o_proj"": {""max_weight"": 1.3474767584385137, ""max_weight_position"": 29.70886978523155, ""min_weight"": 1.171899413199709, ""min_weight_distance"": 24.63389065655675}, ""mlp.down_proj"": {""max_weight"": 0.24854333861128813, ""max_weight_position"": 29.595767385598535, ""min_weight"": 0.04782658180194895, ""min_weight_distance"": 19.12972183008065}}",14.504071
109,1,0.5333812832832336,per layer,26.912238094368167,1.2648493113104178,31.71655899227403,0.03438412655697984,26.689072790185676,1.2875586281263065,29.83812855622304,0.9395936376293748,24.437487524536042,,"{""attn.o_proj"": {""max_weight"": 1.2648493113104178, ""max_weight_position"": 31.71655899227403, ""min_weight"": 0.04349073879560619, ""min_weight_distance"": 26.689072790185676}, ""mlp.down_proj"": {""max_weight"": 1.2875586281263065, ""max_weight_position"": 29.83812855622304, ""min_weight"": 1.2097818950622836, ""min_weight_distance"": 24.437487524536042}}",14.628896
110,40,0.050050389021635056,per layer,21.109971856248016,1.333130078172875,34.43569875909773,0.941309443418013,23.050719476115134,0.13324901821023766,36.13447744561425,0.0006569886438657913,11.903965849445406,,"{""attn.o_proj"": {""max_weight"": 1.333130078172875, ""max_weight_position"": 34.43569875909773, ""min_weight"": 1.2548879318887212, ""min_weight_distance"": 23.050719476115134}, ""mlp.down_proj"": {""max_weight"": 0.13324901821023766, ""max_weight_position"": 36.13447744561425, ""min_weight"": 8.754309177039216e-05, ""min_weight_distance"": 11.903965849445406}}",14.08285
111,38,0.013758628629148006,global,25.352349450553426,1.3848059502137717,37.33016914264343,0.838095922866851,23.894666101720002,0.9143610715145053,41.87916034183793,0.035532499866117055,27.590369495625787,25.352349450553426,"{""attn.o_proj"": {""max_weight"": 1.3848059502137717, ""max_weight_position"": 37.33016914264343, ""min_weight"": 1.1606002208359174, ""min_weight_distance"": 23.894666101720002}, ""mlp.down_proj"": {""max_weight"": 0.9143610715145053, ""max_weight_position"": 41.87916034183793, ""min_weight"": 0.032489534651171804, ""min_weight_distance"": 27.590369495625787}}",14.361647
112,77,0.005347180180251598,global,30.249713691733863,1.1904796928618953,42.258709296137255,0.9900255936824548,27.380457388636586,0.743272676403166,43.50347901781419,0.007477796772849675,23.177374495660537,30.249713691733863,"{""attn.o_proj"": {""max_weight"": 1.1904796928618953, ""max_weight_position"": 42.258709296137255, ""min_weight"": 1.1786053646925043, ""min_weight_distance"": 27.380457388636586}, ""mlp.down_proj"": {""max_weight"": 0.743272676403166, ""max_weight_position"": 43.50347901781419, ""min_weight"": 0.005558042020954935, ""min_weight_distance"": 23.177374495660537}}",14.162614
113,53,0.009158880449831486,global,25.465755459049266,1.313461900386301,35.89008049808519,0.9365564597361616,17.23838953908704,0.7569660336772368,45.50526419762127,0.06208563970770706,26.780864508775338,25.465755459049266,"{""attn.o_proj"": {""max_weight"": 1.313461900386301, ""max_weight_position"": 35.89008049808519, ""min_weight"": 1.2301312274241252, ""min_weight_distance"": 17.23838953908704}, ""mlp.down_proj"": {""max_weight"": 0.7569660336772368, ""max_weight_position"": 45.50526419762127, ""min_weight"": 0.04699672043785697, ""min_weight_distance"": 26.780864508775338}}",14.222785
114,95,0.010292929597198963,global,19.801709718467293,1.256881159986974,36.98590732394433,0.9486025402607714,16.744943878904664,0.8401570529916478,46.13883079409493,0.08421436640209579,28.172573037694242,19.801709718467293,"{""attn.o_proj"": {""max_weight"": 1.256881159986974, ""max_weight_position"": 36.98590732394433, ""min_weight"": 1.1922806611695487, ""min_weight_distance"": 16.744943878904664}, ""mlp.down_proj"": {""max_weight"": 0.8401570529916478, ""max_weight_position"": 46.13883079409493, ""min_weight"": 0.07075329389594363, ""min_weight_distance"": 28.172573037694242}}",14.157118
115,4,0.4259492754936218,per layer,20.87708539939227,1.1287126729632186,34.793870954799026,0.24793614614423437,18.33264446750154,1.429716736170479,31.039948253261034,0.5935752291286418,27.13230350862458,,"{""attn.o_proj"": {""max_weight"": 1.1287126729632186, ""max_weight_position"": 34.793870954799026, ""min_weight"": 0.279848670238658, ""min_weight_distance"": 18.33264446750154}, ""mlp.down_proj"": {""max_weight"": 1.429716736170479, ""max_weight_position"": 31.039948253261034, ""min_weight"": 0.848644439261446, ""min_weight_distance"": 27.13230350862458}}",14.681303
